timestamp,sensor_id,temperature_celsius,humidity_percent
2026-04-13 20:55:07,ESP8266_Node_1,26.97,56.31
2026-04-13 21:00:07,ESP8266_Node_1,25.68,57.59
2026-04-13 21:05:07,ESP8266_Node_1,26.14,57.75
2026-04-13 21:10:07,ESP8266_Node_1,25.58,57.91
2026-04-13 21:15:07,ESP8266_Node_1,25.92,57.66
2026-04-13 21:20:07,ESP8266_Node_1,26.55,57.39
2026-04-13 21:25:07,ESP8266_Node_1,25.03,61.18
2026-04-13 21:30:07,ESP8266_Node_1,25.45,56.39
2026-04-13 21:35:07,ESP8266_Node_1,25.68,58.88
2026-04-13 21:40:07,ESP8266_Node_1,25.84,60.74
2026-04-13 21:45:07,ESP8266_Node_1,25.05,59.42
2026-04-13 21:50:07,ESP8266_Node_1,24.58,59.0
2026-04-13 21:55:07,ESP8266_Node_1,23.94,57.31
2026-04-13 22:00:07,ESP8266_Node_1,24.85,60.28
2026-04-13 22:05:07,ESP8266_Node_1,24.14,58.58
2026-04-13 22:10:07,ESP8266_Node_1,24.24,61.48
2026-04-13 22:15:07,ESP8266_Node_1,24.82,60.82
2026-04-13 22:20:07,ESP8266_Node_1,24.3,64.72
2026-04-13 22:25:07,ESP8266_Node_1,23.89,61.27
2026-04-13 22:30:07,ESP8266_Node_1,24.93,61.43
2026-04-13 22:35:07,ESP8266_Node_1,24.24,64.61
2026-04-13 22:40:07,ESP8266_Node_1,24.72,61.88
2026-04-13 22:45:07,ESP8266_Node_1,24.59,64.5
2026-04-13 22:50:07,ESP8266_Node_1,23.54,63.39
2026-04-13 22:55:07,ESP8266_Node_1,24.3,65.4
2026-04-13 23:00:07,ESP8266_Node_1,24.07,63.36
2026-04-13 23:05:07,ESP8266_Node_1,24.23,64.18
2026-04-13 23:10:07,ESP8266_Node_1,23.97,65.15
2026-04-13 23:15:07,ESP8266_Node_1,23.47,65.77
2026-04-13 23:20:07,ESP8266_Node_1,23.03,66.63
2026-04-13 23:25:07,ESP8266_Node_1,23.8,65.01
2026-04-13 23:30:07,ESP8266_Node_1,22.64,65.63
2026-04-13 23:35:07,ESP8266_Node_1,22.58,63.78
2026-04-13 23:40:07,ESP8266_Node_1,23.81,65.88
2026-04-13 23:45:07,ESP8266_Node_1,22.98,65.8
2026-04-13 23:50:07,ESP8266_Node_1,21.69,69.26
2026-04-13 23:55:07,ESP8266_Node_1,22.94,68.56
2026-04-14 00:00:07,ESP8266_Node_1,22.05,64.65
2026-04-14 00:05:07,ESP8266_Node_1,22.58,69.54
2026-04-14 00:10:07,ESP8266_Node_1,22.83,67.84
2026-04-14 00:15:07,ESP8266_Node_1,21.5,70.27
2026-04-14 00:20:07,ESP8266_Node_1,22.47,68.32
2026-04-14 00:25:07,ESP8266_Node_1,22.03,70.96
2026-04-14 00:30:07,ESP8266_Node_1,21.68,67.79
2026-04-14 00:35:07,ESP8266_Node_1,21.73,65.81
2026-04-14 00:40:07,ESP8266_Node_1,21.43,67.42
2026-04-14 00:45:07,ESP8266_Node_1,21.87,68.69
2026-04-14 00:50:07,ESP8266_Node_1,22.19,69.46
2026-04-14 00:55:07,ESP8266_Node_1,20.92,70.22
2026-04-14 01:00:07,ESP8266_Node_1,21.67,70.03
2026-04-14 01:05:07,ESP8266_Node_1,21.4,71.46
2026-04-14 01:10:07,ESP8266_Node_1,21.25,71.41
2026-04-14 01:15:07,ESP8266_Node_1,20.59,69.77
2026-04-14 01:20:07,ESP8266_Node_1,21.21,71.22
2026-04-14 01:25:07,ESP8266_Node_1,21.36,72.2
2026-04-14 01:30:07,ESP8266_Node_1,21.14,71.11
2026-04-14 01:35:07,ESP8266_Node_1,21.05,73.93
2026-04-14 01:40:07,ESP8266_Node_1,21.27,72.72
2026-04-14 01:45:07,ESP8266_Node_1,20.76,72.86
2026-04-14 01:50:07,ESP8266_Node_1,20.99,73.88
2026-04-14 01:55:07,ESP8266_Node_1,19.83,73.8
2026-04-14 02:00:07,ESP8266_Node_1,20.73,70.94
2026-04-14 02:05:07,ESP8266_Node_1,21.45,74.3
2026-04-14 02:10:07,ESP8266_Node_1,20.19,75.07
2026-04-14 02:15:07,ESP8266_Node_1,20.36,73.08
2026-04-14 02:20:07,ESP8266_Node_1,19.82,74.82
2026-04-14 02:25:07,ESP8266_Node_1,19.99,73.23
2026-04-14 02:30:07,ESP8266_Node_1,19.88,75.44
2026-04-14 02:35:07,ESP8266_Node_1,21.11,74.68
2026-04-14 02:40:07,ESP8266_Node_1,20.59,75.44
2026-04-14 02:45:07,ESP8266_Node_1,20.05,74.4
2026-04-14 02:50:07,ESP8266_Node_1,20.02,75.02
2026-04-14 02:55:07,ESP8266_Node_1,20.52,75.54
2026-04-14 03:00:07,ESP8266_Node_1,20.39,73.28
2026-04-14 03:05:07,ESP8266_Node_1,19.66,74.57
2026-04-14 03:10:07,ESP8266_Node_1,20.26,74.63
2026-04-14 03:15:07,ESP8266_Node_1,20.44,73.78
2026-04-14 03:20:07,ESP8266_Node_1,20.33,74.5
2026-04-14 03:25:07,ESP8266_Node_1,19.69,73.19
2026-04-14 03:30:07,ESP8266_Node_1,20.59,74.21
2026-04-14 03:35:07,ESP8266_Node_1,19.88,73.78
2026-04-14 03:40:07,ESP8266_Node_1,19.52,74.94
2026-04-14 03:45:07,ESP8266_Node_1,20.02,73.1
2026-04-14 03:50:07,ESP8266_Node_1,19.94,73.21
2026-04-14 03:55:07,ESP8266_Node_1,20.23,74.17
2026-04-14 04:00:07,ESP8266_Node_1,20.6,74.83
2026-04-14 04:05:07,ESP8266_Node_1,19.16,72.22
2026-04-14 04:10:07,ESP8266_Node_1,20.74,77.89
2026-04-14 04:15:07,ESP8266_Node_1,19.56,74.83
2026-04-14 04:20:07,ESP8266_Node_1,19.73,74.57
2026-04-14 04:25:07,ESP8266_Node_1,18.5,74.38
2026-04-14 04:30:07,ESP8266_Node_1,19.96,73.36
2026-04-14 04:35:07,ESP8266_Node_1,19.49,76.59
2026-04-14 04:40:07,ESP8266_Node_1,20.43,74.4
2026-04-14 04:45:07,ESP8266_Node_1,21.05,76.86
2026-04-14 04:50:07,ESP8266_Node_1,20.48,74.23
2026-04-14 04:55:07,ESP8266_Node_1,19.94,75.45
2026-04-14 05:00:07,ESP8266_Node_1,20.45,73.09
2026-04-14 05:05:07,ESP8266_Node_1,20.41,75.12
2026-04-14 05:10:07,ESP8266_Node_1,21.25,77.23
2026-04-14 05:15:07,ESP8266_Node_1,20.83,74.95
2026-04-14 05:20:07,ESP8266_Node_1,20.8,72.12
2026-04-14 05:25:07,ESP8266_Node_1,20.56,75.64
2026-04-14 05:30:07,ESP8266_Node_1,20.21,74.32
2026-04-14 05:35:07,ESP8266_Node_1,20.03,73.09
2026-04-14 05:40:07,ESP8266_Node_1,19.94,73.56
2026-04-14 05:45:07,ESP8266_Node_1,20.67,73.19
2026-04-14 05:50:07,ESP8266_Node_1,20.86,70.47
2026-04-14 05:55:07,ESP8266_Node_1,20.76,77.81
2026-04-14 06:00:07,ESP8266_Node_1,20.94,70.92
2026-04-14 06:05:07,ESP8266_Node_1,21.03,71.62
2026-04-14 06:10:07,ESP8266_Node_1,20.5,73.65
2026-04-14 06:15:07,ESP8266_Node_1,21.33,70.75
2026-04-14 06:20:07,ESP8266_Node_1,21.35,70.84
2026-04-14 06:25:07,ESP8266_Node_1,20.58,71.91
2026-04-14 06:30:07,ESP8266_Node_1,21.87,74.46
2026-04-14 06:35:07,ESP8266_Node_1,21.24,73.05
2026-04-14 06:40:07,ESP8266_Node_1,20.81,72.76
2026-04-14 06:45:07,ESP8266_Node_1,21.32,71.72
2026-04-14 06:50:07,ESP8266_Node_1,20.93,70.47
2026-04-14 06:55:07,ESP8266_Node_1,21.41,70.76
2026-04-14 07:00:07,ESP8266_Node_1,21.54,69.07
2026-04-14 07:05:07,ESP8266_Node_1,21.27,69.88
2026-04-14 07:10:07,ESP8266_Node_1,21.55,70.03
2026-04-14 07:15:07,ESP8266_Node_1,20.66,69.34
2026-04-14 07:20:07,ESP8266_Node_1,22.21,69.56
2026-04-14 07:25:07,ESP8266_Node_1,21.66,68.75
2026-04-14 07:30:07,ESP8266_Node_1,22.07,68.6
2026-04-14 07:35:07,ESP8266_Node_1,23.0,67.78
2026-04-14 07:40:07,ESP8266_Node_1,21.83,68.34
2026-04-14 07:45:07,ESP8266_Node_1,22.51,66.56
2026-04-14 07:50:07,ESP8266_Node_1,22.17,68.9
2026-04-14 07:55:07,ESP8266_Node_1,21.84,66.58
2026-04-14 08:00:07,ESP8266_Node_1,22.95,66.54
2026-04-14 08:05:07,ESP8266_Node_1,22.4,66.97
2026-04-14 08:10:07,ESP8266_Node_1,22.43,68.89
2026-04-14 08:15:07,ESP8266_Node_1,23.27,65.3
2026-04-14 08:20:07,ESP8266_Node_1,23.0,66.24
2026-04-14 08:25:07,ESP8266_Node_1,22.51,64.95
2026-04-14 08:30:07,ESP8266_Node_1,23.28,64.46
2026-04-14 08:35:07,ESP8266_Node_1,22.8,66.06
2026-04-14 08:40:07,ESP8266_Node_1,24.03,64.44
2026-04-14 08:45:07,ESP8266_Node_1,23.24,65.15
2026-04-14 08:50:07,ESP8266_Node_1,23.56,61.68
2026-04-14 08:55:07,ESP8266_Node_1,24.27,65.37
2026-04-14 09:00:07,ESP8266_Node_1,24.59,64.06
2026-04-14 09:05:07,ESP8266_Node_1,24.27,62.99
2026-04-14 09:10:07,ESP8266_Node_1,24.31,64.32
2026-04-14 09:15:07,ESP8266_Node_1,23.84,63.85
2026-04-14 09:20:07,ESP8266_Node_1,24.38,63.87
2026-04-14 09:25:07,ESP8266_Node_1,23.7,63.48
2026-04-14 09:30:07,ESP8266_Node_1,25.15,63.54
2026-04-14 09:35:07,ESP8266_Node_1,24.85,62.21
2026-04-14 09:40:07,ESP8266_Node_1,25.3,60.69
2026-04-14 09:45:07,ESP8266_Node_1,24.97,61.38
2026-04-14 09:50:07,ESP8266_Node_1,24.55,60.91
2026-04-14 09:55:07,ESP8266_Node_1,24.98,59.07
2026-04-14 10:00:07,ESP8266_Node_1,24.64,57.89
2026-04-14 10:05:07,ESP8266_Node_1,24.78,59.75
2026-04-14 10:10:07,ESP8266_Node_1,24.76,60.3
2026-04-14 10:15:07,ESP8266_Node_1,25.8,60.47
2026-04-14 10:20:07,ESP8266_Node_1,25.3,57.18
2026-04-14 10:25:07,ESP8266_Node_1,26.03,59.27
2026-04-14 10:30:07,ESP8266_Node_1,26.04,57.06
2026-04-14 10:35:07,ESP8266_Node_1,25.77,57.02
2026-04-14 10:40:07,ESP8266_Node_1,26.29,59.77
2026-04-14 10:45:07,ESP8266_Node_1,25.64,54.75
2026-04-14 10:50:07,ESP8266_Node_1,26.06,57.39
2026-04-14 10:55:07,ESP8266_Node_1,25.63,54.73
2026-04-14 11:00:07,ESP8266_Node_1,26.76,58.79
2026-04-14 11:05:07,ESP8266_Node_1,26.86,56.64
2026-04-14 11:10:07,ESP8266_Node_1,25.96,56.31
2026-04-14 11:15:07,ESP8266_Node_1,26.38,54.59
2026-04-14 11:20:07,ESP8266_Node_1,27.02,57.03
2026-04-14 11:25:07,ESP8266_Node_1,27.48,55.99
2026-04-14 11:30:07,ESP8266_Node_1,26.55,54.78
2026-04-14 11:35:07,ESP8266_Node_1,26.48,55.8
2026-04-14 11:40:07,ESP8266_Node_1,27.36,54.23
2026-04-14 11:45:07,ESP8266_Node_1,26.41,52.92
2026-04-14 11:50:07,ESP8266_Node_1,27.17,53.9
2026-04-14 11:55:07,ESP8266_Node_1,27.64,52.1
2026-04-14 12:00:07,ESP8266_Node_1,37.7,51.66
2026-04-14 12:05:07,ESP8266_Node_1,28.03,51.49
2026-04-14 12:10:07,ESP8266_Node_1,27.38,50.88
2026-04-14 12:15:07,ESP8266_Node_1,27.67,51.8
2026-04-14 12:20:07,ESP8266_Node_1,28.07,52.55
2026-04-14 12:25:07,ESP8266_Node_1,26.85,52.51
2026-04-14 12:30:07,ESP8266_Node_1,27.17,52.95
2026-04-14 12:35:07,ESP8266_Node_1,28.15,51.77
2026-04-14 12:40:07,ESP8266_Node_1,28.13,48.82
2026-04-14 12:45:07,ESP8266_Node_1,27.94,51.24
2026-04-14 12:50:07,ESP8266_Node_1,28.18,50.5
2026-04-14 12:55:07,ESP8266_Node_1,29.26,47.9
2026-04-14 13:00:07,ESP8266_Node_1,27.72,50.23
2026-04-14 13:05:07,ESP8266_Node_1,28.55,48.19
2026-04-14 13:10:07,ESP8266_Node_1,28.11,48.36
2026-04-14 13:15:07,ESP8266_Node_1,28.36,48.11
2026-04-14 13:20:07,ESP8266_Node_1,28.76,49.98
2026-04-14 13:25:07,ESP8266_Node_1,28.9,50.21
2026-04-14 13:30:07,ESP8266_Node_1,28.68,47.56
2026-04-14 13:35:07,ESP8266_Node_1,29.12,48.85
2026-04-14 13:40:07,ESP8266_Node_1,28.93,47.46
2026-04-14 13:45:07,ESP8266_Node_1,28.7,46.81
2026-04-14 13:50:07,ESP8266_Node_1,29.0,48.74
2026-04-14 13:55:07,ESP8266_Node_1,30.11,49.66
2026-04-14 14:00:07,ESP8266_Node_1,28.98,48.71
2026-04-14 14:05:07,ESP8266_Node_1,28.69,46.64
2026-04-14 14:10:07,ESP8266_Node_1,28.33,19.18
2026-04-14 14:15:07,ESP8266_Node_1,29.42,45.46
2026-04-14 14:20:07,ESP8266_Node_1,29.39,44.22
2026-04-14 14:25:07,ESP8266_Node_1,30.15,44.7
2026-04-14 14:30:07,ESP8266_Node_1,29.54,46.6
2026-04-14 14:35:07,ESP8266_Node_1,29.74,45.11
2026-04-14 14:40:07,ESP8266_Node_1,29.43,43.67
2026-04-14 14:45:07,ESP8266_Node_1,28.76,47.04
2026-04-14 14:50:07,ESP8266_Node_1,30.25,41.75
2026-04-14 14:55:07,ESP8266_Node_1,29.23,45.2
2026-04-14 15:00:07,ESP8266_Node_1,30.07,49.19
2026-04-14 15:05:07,ESP8266_Node_1,30.05,45.07
2026-04-14 15:10:07,ESP8266_Node_1,29.54,43.52
2026-04-14 15:15:07,ESP8266_Node_1,29.24,47.42
2026-04-14 15:20:07,ESP8266_Node_1,30.17,77.5
2026-04-14 15:25:07,ESP8266_Node_1,29.86,43.53
2026-04-14 15:30:07,ESP8266_Node_1,31.23,42.92
2026-04-14 15:35:07,ESP8266_Node_1,30.78,42.94
2026-04-14 15:40:07,ESP8266_Node_1,29.3,46.15
2026-04-14 15:45:07,ESP8266_Node_1,29.92,43.74
2026-04-14 15:50:07,ESP8266_Node_1,29.78,45.94
2026-04-14 15:55:07,ESP8266_Node_1,29.23,47.55
2026-04-14 16:00:07,ESP8266_Node_1,30.91,42.54
2026-04-14 16:05:07,ESP8266_Node_1,30.16,45.4
2026-04-14 16:10:07,ESP8266_Node_1,30.24,46.88
2026-04-14 16:15:07,ESP8266_Node_1,29.2,44.21
2026-04-14 16:20:07,ESP8266_Node_1,29.96,45.72
2026-04-14 16:25:07,ESP8266_Node_1,29.21,44.05
2026-04-14 16:30:07,ESP8266_Node_1,30.32,43.4
2026-04-14 16:35:07,ESP8266_Node_1,30.5,46.25
2026-04-14 16:40:07,ESP8266_Node_1,29.88,44.89
2026-04-14 16:45:07,ESP8266_Node_1,39.48,41.94
2026-04-14 16:50:07,ESP8266_Node_1,30.91,46.33
2026-04-14 16:55:07,ESP8266_Node_1,29.63,49.25
2026-04-14 17:00:07,ESP8266_Node_1,28.81,44.38
2026-04-14 17:05:07,ESP8266_Node_1,29.71,46.22
2026-04-14 17:10:07,ESP8266_Node_1,29.36,44.47
2026-04-14 17:15:07,ESP8266_Node_1,29.51,50.2
2026-04-14 17:20:07,ESP8266_Node_1,29.58,44.66
2026-04-14 17:25:07,ESP8266_Node_1,30.05,48.12
2026-04-14 17:30:07,ESP8266_Node_1,29.58,45.93
2026-04-14 17:35:07,ESP8266_Node_1,29.91,48.28
2026-04-14 17:40:07,ESP8266_Node_1,29.4,45.28
2026-04-14 17:45:07,ESP8266_Node_1,29.52,45.08
2026-04-14 17:50:07,ESP8266_Node_1,28.68,48.01
2026-04-14 17:55:07,ESP8266_Node_1,28.45,49.53
2026-04-14 18:00:07,ESP8266_Node_1,30.44,49.31
2026-04-14 18:05:07,ESP8266_Node_1,28.81,48.26
2026-04-14 18:10:07,ESP8266_Node_1,28.91,45.54
2026-04-14 18:15:07,ESP8266_Node_1,28.54,48.53
2026-04-14 18:20:07,ESP8266_Node_1,29.08,46.36
2026-04-14 18:25:07,ESP8266_Node_1,28.5,47.6
2026-04-14 18:30:07,ESP8266_Node_1,29.31,44.87
2026-04-14 18:35:07,ESP8266_Node_1,29.57,49.37
2026-04-14 18:40:07,ESP8266_Node_1,29.5,48.91
2026-04-14 18:45:07,ESP8266_Node_1,29.24,48.68
2026-04-14 18:50:07,ESP8266_Node_1,28.67,52.0
2026-04-14 18:55:07,ESP8266_Node_1,28.35,47.66
2026-04-14 19:00:07,ESP8266_Node_1,29.23,50.99
2026-04-14 19:05:07,ESP8266_Node_1,29.18,51.3
2026-04-14 19:10:07,ESP8266_Node_1,28.42,50.58
2026-04-14 19:15:07,ESP8266_Node_1,27.57,47.79
2026-04-14 19:20:07,ESP8266_Node_1,28.68,48.28
2026-04-14 19:25:07,ESP8266_Node_1,28.55,49.1
2026-04-14 19:30:07,ESP8266_Node_1,27.92,49.3
2026-04-14 19:35:07,ESP8266_Node_1,28.88,50.63
2026-04-14 19:40:07,ESP8266_Node_1,27.76,50.27
2026-04-14 19:45:07,ESP8266_Node_1,27.29,53.33
2026-04-14 19:50:07,ESP8266_Node_1,27.7,53.33
2026-04-14 19:55:07,ESP8266_Node_1,27.18,52.74
2026-04-14 20:00:07,ESP8266_Node_1,27.41,53.31
2026-04-14 20:05:07,ESP8266_Node_1,26.63,52.34
2026-04-14 20:10:07,ESP8266_Node_1,26.75,53.45
2026-04-14 20:15:07,ESP8266_Node_1,27.4,53.65
2026-04-14 20:20:07,ESP8266_Node_1,26.68,54.32
2026-04-14 20:25:07,ESP8266_Node_1,26.17,53.61
2026-04-14 20:30:07,ESP8266_Node_1,27.02,55.53
2026-04-14 20:35:07,ESP8266_Node_1,26.94,54.07
2026-04-14 20:40:07,ESP8266_Node_1,26.77,56.29
2026-04-14 20:45:07,ESP8266_Node_1,26.49,54.51
2026-04-14 20:50:07,ESP8266_Node_1,26.13,55.48
2026-04-14 20:55:07,ESP8266_Node_1,27.21,56.09
2026-04-14 21:00:07,ESP8266_Node_1,25.78,58.59
2026-04-14 21:05:07,ESP8266_Node_1,26.41,54.77
2026-04-14 21:10:07,ESP8266_Node_1,26.04,59.01
2026-04-14 21:15:07,ESP8266_Node_1,25.79,57.7
2026-04-14 21:20:07,ESP8266_Node_1,25.68,57.9
2026-04-14 21:25:07,ESP8266_Node_1,25.74,57.63
2026-04-14 21:30:07,ESP8266_Node_1,26.06,58.46
2026-04-14 21:35:07,ESP8266_Node_1,25.39,56.93
2026-04-14 21:40:07,ESP8266_Node_1,25.08,59.36
2026-04-14 21:45:07,ESP8266_Node_1,24.99,56.87
2026-04-14 21:50:07,ESP8266_Node_1,24.27,60.32
2026-04-14 21:55:07,ESP8266_Node_1,25.39,58.07
2026-04-14 22:00:07,ESP8266_Node_1,25.4,58.12
2026-04-14 22:05:07,ESP8266_Node_1,24.73,59.62
2026-04-14 22:10:07,ESP8266_Node_1,24.68,60.19
2026-04-14 22:15:07,ESP8266_Node_1,24.7,61.56
2026-04-14 22:20:07,ESP8266_Node_1,24.16,62.57
2026-04-14 22:25:07,ESP8266_Node_1,24.49,60.72
2026-04-14 22:30:07,ESP8266_Node_1,24.7,61.04
2026-04-14 22:35:07,ESP8266_Node_1,24.18,61.67
2026-04-14 22:40:07,ESP8266_Node_1,24.37,62.09
2026-04-14 22:45:07,ESP8266_Node_1,24.62,63.57
2026-04-14 22:50:07,ESP8266_Node_1,23.54,65.03
2026-04-14 22:55:07,ESP8266_Node_1,24.2,60.19
2026-04-14 23:00:07,ESP8266_Node_1,23.82,64.29
2026-04-14 23:05:07,ESP8266_Node_1,23.87,63.7
2026-04-14 23:10:07,ESP8266_Node_1,23.85,64.39
2026-04-14 23:15:07,ESP8266_Node_1,23.13,64.57
2026-04-14 23:20:07,ESP8266_Node_1,23.96,67.12
2026-04-14 23:25:07,ESP8266_Node_1,23.08,64.86
2026-04-14 23:30:07,ESP8266_Node_1,23.64,64.42
2026-04-14 23:35:07,ESP8266_Node_1,22.85,66.07
2026-04-14 23:40:07,ESP8266_Node_1,23.19,66.61
2026-04-14 23:45:07,ESP8266_Node_1,22.62,66.91
2026-04-14 23:50:07,ESP8266_Node_1,23.17,68.82
2026-04-14 23:55:07,ESP8266_Node_1,22.52,66.14
2026-04-15 00:00:07,ESP8266_Node_1,23.1,66.04
2026-04-15 00:05:07,ESP8266_Node_1,22.42,67.16
2026-04-15 00:10:07,ESP8266_Node_1,22.48,67.24
2026-04-15 00:15:07,ESP8266_Node_1,22.75,66.66
2026-04-15 00:20:07,ESP8266_Node_1,22.77,67.61
2026-04-15 00:25:07,ESP8266_Node_1,23.01,68.35
2026-04-15 00:30:07,ESP8266_Node_1,21.91,66.49
2026-04-15 00:35:07,ESP8266_Node_1,21.26,68.96
2026-04-15 00:40:07,ESP8266_Node_1,21.99,67.78
2026-04-15 00:45:07,ESP8266_Node_1,21.58,71.61
2026-04-15 00:50:07,ESP8266_Node_1,21.27,68.74
2026-04-15 00:55:07,ESP8266_Node_1,20.96,67.9
2026-04-15 01:00:07,ESP8266_Node_1,20.39,70.1
2026-04-15 01:05:07,ESP8266_Node_1,21.22,72.7
2026-04-15 01:10:07,ESP8266_Node_1,20.93,70.63
2026-04-15 01:15:07,ESP8266_Node_1,20.74,71.17
2026-04-15 01:20:07,ESP8266_Node_1,21.35,68.91
2026-04-15 01:25:07,ESP8266_Node_1,21.5,71.35
2026-04-15 01:30:07,ESP8266_Node_1,21.16,69.73
2026-04-15 01:35:07,ESP8266_Node_1,21.31,71.75
2026-04-15 01:40:07,ESP8266_Node_1,21.23,73.06
2026-04-15 01:45:07,ESP8266_Node_1,20.99,73.27
2026-04-15 01:50:07,ESP8266_Node_1,20.63,73.89
2026-04-15 01:55:07,ESP8266_Node_1,21.42,73.55
2026-04-15 02:00:07,ESP8266_Node_1,20.14,73.82
2026-04-15 02:05:07,ESP8266_Node_1,20.84,75.89
2026-04-15 02:10:07,ESP8266_Node_1,20.68,71.03
2026-04-15 02:15:07,ESP8266_Node_1,19.69,72.17
2026-04-15 02:20:07,ESP8266_Node_1,20.22,76.08
2026-04-15 02:25:07,ESP8266_Node_1,20.15,70.04
2026-04-15 02:30:07,ESP8266_Node_1,20.79,74.36
2026-04-15 02:35:07,ESP8266_Node_1,20.46,74.41
2026-04-15 02:40:07,ESP8266_Node_1,20.51,50.95
2026-04-15 02:45:07,ESP8266_Node_1,20.12,73.15
2026-04-15 02:50:07,ESP8266_Node_1,20.15,75.44
2026-04-15 02:55:07,ESP8266_Node_1,20.11,77.42
2026-04-15 03:00:07,ESP8266_Node_1,20.54,75.73
2026-04-15 03:05:07,ESP8266_Node_1,21.3,72.76
2026-04-15 03:10:07,ESP8266_Node_1,19.2,76.84
2026-04-15 03:15:07,ESP8266_Node_1,20.06,76.95
2026-04-15 03:20:07,ESP8266_Node_1,21.04,76.55
2026-04-15 03:25:07,ESP8266_Node_1,20.57,76.23
2026-04-15 03:30:07,ESP8266_Node_1,19.77,75.87
2026-04-15 03:35:07,ESP8266_Node_1,19.89,76.07
2026-04-15 03:40:07,ESP8266_Node_1,20.23,77.37
2026-04-15 03:45:07,ESP8266_Node_1,18.59,74.89
2026-04-15 03:50:07,ESP8266_Node_1,19.83,73.36
2026-04-15 03:55:07,ESP8266_Node_1,20.49,74.28
2026-04-15 04:00:07,ESP8266_Node_1,20.34,76.38
2026-04-15 04:05:07,ESP8266_Node_1,20.55,74.68
2026-04-15 04:10:07,ESP8266_Node_1,19.88,73.56
2026-04-15 04:15:07,ESP8266_Node_1,20.03,74.13
2026-04-15 04:20:07,ESP8266_Node_1,19.45,72.86
2026-04-15 04:25:07,ESP8266_Node_1,20.06,75.07
2026-04-15 04:30:07,ESP8266_Node_1,19.81,75.09
2026-04-15 04:35:07,ESP8266_Node_1,21.43,75.2
2026-04-15 04:40:07,ESP8266_Node_1,20.62,73.36
2026-04-15 04:45:07,ESP8266_Node_1,20.99,76.83
2026-04-15 04:50:07,ESP8266_Node_1,19.73,73.45
2026-04-15 04:55:07,ESP8266_Node_1,20.01,74.31
2026-04-15 05:00:07,ESP8266_Node_1,20.04,76.06
2026-04-15 05:05:07,ESP8266_Node_1,20.66,73.54
2026-04-15 05:10:07,ESP8266_Node_1,19.49,74.32
2026-04-15 05:15:07,ESP8266_Node_1,20.69,73.73
2026-04-15 05:20:07,ESP8266_Node_1,19.52,76.25
2026-04-15 05:25:07,ESP8266_Node_1,19.81,71.61
2026-04-15 05:30:07,ESP8266_Node_1,20.49,72.54
2026-04-15 05:35:07,ESP8266_Node_1,21.4,71.12
2026-04-15 05:40:07,ESP8266_Node_1,20.09,72.76
2026-04-15 05:45:07,ESP8266_Node_1,20.49,75.73
2026-04-15 05:50:07,ESP8266_Node_1,21.6,73.51
2026-04-15 05:55:07,ESP8266_Node_1,21.26,71.09
2026-04-15 06:00:07,ESP8266_Node_1,20.52,73.25
2026-04-15 06:05:07,ESP8266_Node_1,20.67,71.91
2026-04-15 06:10:07,ESP8266_Node_1,19.98,69.81
2026-04-15 06:15:07,ESP8266_Node_1,20.15,76.06
2026-04-15 06:20:07,ESP8266_Node_1,21.61,70.55
2026-04-15 06:25:07,ESP8266_Node_1,21.63,72.5
2026-04-15 06:30:07,ESP8266_Node_1,21.24,70.86
2026-04-15 06:35:07,ESP8266_Node_1,21.48,69.25
2026-04-15 06:40:07,ESP8266_Node_1,21.0,68.82
2026-04-15 06:45:07,ESP8266_Node_1,21.82,71.05
2026-04-15 06:50:07,ESP8266_Node_1,20.55,70.71
2026-04-15 06:55:07,ESP8266_Node_1,22.35,72.94
2026-04-15 07:00:07,ESP8266_Node_1,21.49,70.11
2026-04-15 07:05:07,ESP8266_Node_1,22.03,70.92
2026-04-15 07:10:07,ESP8266_Node_1,21.12,69.8
2026-04-15 07:15:07,ESP8266_Node_1,20.85,72.73
2026-04-15 07:20:07,ESP8266_Node_1,20.7,67.65
2026-04-15 07:25:07,ESP8266_Node_1,22.54,68.85
2026-04-15 07:30:07,ESP8266_Node_1,21.55,68.46
2026-04-15 07:35:07,ESP8266_Node_1,21.96,71.17
2026-04-15 07:40:07,ESP8266_Node_1,21.99,68.12
2026-04-15 07:45:07,ESP8266_Node_1,21.82,68.54
2026-04-15 07:50:07,ESP8266_Node_1,21.14,69.12
2026-04-15 07:55:07,ESP8266_Node_1,23.11,67.47
2026-04-15 08:00:07,ESP8266_Node_1,22.0,70.72
2026-04-15 08:05:07,ESP8266_Node_1,21.73,66.49
2026-04-15 08:10:07,ESP8266_Node_1,22.58,67.74
2026-04-15 08:15:07,ESP8266_Node_1,22.53,69.93
2026-04-15 08:20:07,ESP8266_Node_1,22.91,64.67
2026-04-15 08:25:07,ESP8266_Node_1,22.64,65.15
2026-04-15 08:30:07,ESP8266_Node_1,23.89,65.98
2026-04-15 08:35:07,ESP8266_Node_1,23.29,63.75
2026-04-15 08:40:07,ESP8266_Node_1,23.77,65.18
2026-04-15 08:45:07,ESP8266_Node_1,24.29,65.69
2026-04-15 08:50:07,ESP8266_Node_1,23.07,66.76
2026-04-15 08:55:07,ESP8266_Node_1,23.32,63.39
2026-04-15 09:00:07,ESP8266_Node_1,23.98,65.56
2026-04-15 09:05:07,ESP8266_Node_1,24.32,64.47
2026-04-15 09:10:07,ESP8266_Node_1,23.33,62.5
2026-04-15 09:15:07,ESP8266_Node_1,23.86,62.53
2026-04-15 09:20:07,ESP8266_Node_1,24.25,61.09
2026-04-15 09:25:07,ESP8266_Node_1,23.67,61.23
2026-04-15 09:30:07,ESP8266_Node_1,25.14,62.95
2026-04-15 09:35:07,ESP8266_Node_1,24.33,64.05
2026-04-15 09:40:07,ESP8266_Node_1,24.93,59.7
2026-04-15 09:45:07,ESP8266_Node_1,24.87,59.81
2026-04-15 09:50:07,ESP8266_Node_1,24.94,60.51
2026-04-15 09:55:07,ESP8266_Node_1,25.31,58.11
2026-04-15 10:00:07,ESP8266_Node_1,25.37,58.64
2026-04-15 10:05:07,ESP8266_Node_1,25.23,60.44
2026-04-15 10:10:07,ESP8266_Node_1,24.9,58.79
2026-04-15 10:15:07,ESP8266_Node_1,26.18,59.08
2026-04-15 10:20:07,ESP8266_Node_1,26.28,59.31
2026-04-15 10:25:07,ESP8266_Node_1,26.06,60.48
2026-04-15 10:30:07,ESP8266_Node_1,25.44,58.62
2026-04-15 10:35:07,ESP8266_Node_1,25.9,58.47
2026-04-15 10:40:07,ESP8266_Node_1,25.36,60.0
2026-04-15 10:45:07,ESP8266_Node_1,25.26,57.67
2026-04-15 10:50:07,ESP8266_Node_1,25.53,55.6
2026-04-15 10:55:07,ESP8266_Node_1,25.83,57.11
2026-04-15 11:00:07,ESP8266_Node_1,26.85,55.04
2026-04-15 11:05:07,ESP8266_Node_1,26.4,53.82
2026-04-15 11:10:07,ESP8266_Node_1,26.66,55.06
2026-04-15 11:15:07,ESP8266_Node_1,26.84,56.8
2026-04-15 11:20:07,ESP8266_Node_1,26.81,54.84
2026-04-15 11:25:07,ESP8266_Node_1,26.84,56.33
2026-04-15 11:30:07,ESP8266_Node_1,27.03,54.46
2026-04-15 11:35:07,ESP8266_Node_1,26.81,53.65
2026-04-15 11:40:07,ESP8266_Node_1,27.89,51.52
2026-04-15 11:45:07,ESP8266_Node_1,27.17,54.29
2026-04-15 11:50:07,ESP8266_Node_1,27.17,53.2
2026-04-15 11:55:07,ESP8266_Node_1,27.76,51.47
2026-04-15 12:00:07,ESP8266_Node_1,27.33,53.76
2026-04-15 12:05:07,ESP8266_Node_1,27.17,52.71
2026-04-15 12:10:07,ESP8266_Node_1,28.04,51.52
2026-04-15 12:15:07,ESP8266_Node_1,28.11,54.14
2026-04-15 12:20:07,ESP8266_Node_1,28.76,48.94
2026-04-15 12:25:07,ESP8266_Node_1,27.84,51.46
2026-04-15 12:30:07,ESP8266_Node_1,27.74,51.21
2026-04-15 12:35:07,ESP8266_Node_1,27.78,50.41
2026-04-15 12:40:07,ESP8266_Node_1,28.21,48.57
2026-04-15 12:45:07,ESP8266_Node_1,27.73,48.06
2026-04-15 12:50:07,ESP8266_Node_1,29.19,49.96
2026-04-15 12:55:07,ESP8266_Node_1,29.01,50.6
2026-04-15 13:00:07,ESP8266_Node_1,28.82,50.65
2026-04-15 13:05:07,ESP8266_Node_1,28.17,49.56
2026-04-15 13:10:07,ESP8266_Node_1,28.78,51.09
2026-04-15 13:15:07,ESP8266_Node_1,28.72,49.93
2026-04-15 13:20:07,ESP8266_Node_1,29.16,44.79
2026-04-15 13:25:07,ESP8266_Node_1,29.18,50.63
2026-04-15 13:30:07,ESP8266_Node_1,29.66,48.77
2026-04-15 13:35:07,ESP8266_Node_1,28.27,45.15
2026-04-15 13:40:07,ESP8266_Node_1,30.15,48.01
2026-04-15 13:45:07,ESP8266_Node_1,28.82,47.17
2026-04-15 13:50:07,ESP8266_Node_1,29.3,46.45
2026-04-15 13:55:07,ESP8266_Node_1,29.46,47.3
2026-04-15 14:00:07,ESP8266_Node_1,28.34,46.96
2026-04-15 14:05:07,ESP8266_Node_1,29.47,46.93
2026-04-15 14:10:07,ESP8266_Node_1,29.38,45.73
2026-04-15 14:15:07,ESP8266_Node_1,29.02,45.85
2026-04-15 14:20:07,ESP8266_Node_1,30.03,47.27
2026-04-15 14:25:07,ESP8266_Node_1,30.19,44.23
2026-04-15 14:30:07,ESP8266_Node_1,28.93,46.2
2026-04-15 14:35:07,ESP8266_Node_1,29.36,45.63
2026-04-15 14:40:07,ESP8266_Node_1,30.16,47.94
2026-04-15 14:45:07,ESP8266_Node_1,28.68,46.35
2026-04-15 14:50:07,ESP8266_Node_1,29.5,48.74
2026-04-15 14:55:07,ESP8266_Node_1,29.71,46.24
2026-04-15 15:00:07,ESP8266_Node_1,29.67,46.36
2026-04-15 15:05:07,ESP8266_Node_1,28.95,43.1
2026-04-15 15:10:07,ESP8266_Node_1,29.71,43.88
2026-04-15 15:15:07,ESP8266_Node_1,29.51,44.79
2026-04-15 15:20:07,ESP8266_Node_1,30.41,45.23
2026-04-15 15:25:07,ESP8266_Node_1,30.06,44.67
2026-04-15 15:30:07,ESP8266_Node_1,29.76,46.64
2026-04-15 15:35:07,ESP8266_Node_1,29.51,45.33
2026-04-15 15:40:07,ESP8266_Node_1,29.66,44.34
2026-04-15 15:45:07,ESP8266_Node_1,29.68,44.49
2026-04-15 15:50:07,ESP8266_Node_1,30.78,43.38
2026-04-15 15:55:07,ESP8266_Node_1,29.78,42.63
2026-04-15 16:00:07,ESP8266_Node_1,30.52,45.4
2026-04-15 16:05:07,ESP8266_Node_1,31.52,47.33
2026-04-15 16:10:07,ESP8266_Node_1,30.21,44.17
2026-04-15 16:15:07,ESP8266_Node_1,30.1,46.26
2026-04-15 16:20:07,ESP8266_Node_1,29.77,44.66
2026-04-15 16:25:07,ESP8266_Node_1,29.84,22.62
2026-04-15 16:30:07,ESP8266_Node_1,28.93,44.22
2026-04-15 16:35:07,ESP8266_Node_1,29.81,42.3
2026-04-15 16:40:07,ESP8266_Node_1,29.46,45.5
2026-04-15 16:45:07,ESP8266_Node_1,44.61,43.37
2026-04-15 16:50:07,ESP8266_Node_1,30.48,44.87
2026-04-15 16:55:07,ESP8266_Node_1,30.05,44.46
2026-04-15 17:00:07,ESP8266_Node_1,29.22,45.86
2026-04-15 17:05:07,ESP8266_Node_1,29.09,45.65
2026-04-15 17:10:07,ESP8266_Node_1,28.84,46.7
2026-04-15 17:15:07,ESP8266_Node_1,30.52,48.19
2026-04-15 17:20:07,ESP8266_Node_1,29.61,45.27
2026-04-15 17:25:07,ESP8266_Node_1,29.88,45.94
2026-04-15 17:30:07,ESP8266_Node_1,29.89,44.63
2026-04-15 17:35:07,ESP8266_Node_1,29.92,48.22
2026-04-15 17:40:07,ESP8266_Node_1,29.04,47.03
2026-04-15 17:45:07,ESP8266_Node_1,30.12,46.34
2026-04-15 17:50:07,ESP8266_Node_1,29.35,48.15
2026-04-15 17:55:07,ESP8266_Node_1,29.98,47.27
2026-04-15 18:00:07,ESP8266_Node_1,29.47,48.3
2026-04-15 18:05:07,ESP8266_Node_1,29.03,50.76
2026-04-15 18:10:07,ESP8266_Node_1,29.49,49.33
2026-04-15 18:15:07,ESP8266_Node_1,29.8,48.4
2026-04-15 18:20:07,ESP8266_Node_1,29.44,47.95
2026-04-15 18:25:07,ESP8266_Node_1,28.97,46.77
2026-04-15 18:30:07,ESP8266_Node_1,28.85,48.77
2026-04-15 18:35:07,ESP8266_Node_1,29.29,46.77
2026-04-15 18:40:07,ESP8266_Node_1,29.09,50.12
2026-04-15 18:45:07,ESP8266_Node_1,28.84,46.97
2026-04-15 18:50:07,ESP8266_Node_1,29.34,49.31
2026-04-15 18:55:07,ESP8266_Node_1,28.62,52.11
2026-04-15 19:00:07,ESP8266_Node_1,28.16,49.84
2026-04-15 19:05:07,ESP8266_Node_1,27.95,51.55
2026-04-15 19:10:07,ESP8266_Node_1,28.54,47.16
2026-04-15 19:15:07,ESP8266_Node_1,28.56,51.15
2026-04-15 19:20:07,ESP8266_Node_1,27.13,49.71
2026-04-15 19:25:07,ESP8266_Node_1,28.57,51.28
2026-04-15 19:30:07,ESP8266_Node_1,27.89,50.7
2026-04-15 19:35:07,ESP8266_Node_1,28.52,50.6
2026-04-15 19:40:07,ESP8266_Node_1,27.58,50.72
2026-04-15 19:45:07,ESP8266_Node_1,27.88,51.12
2026-04-15 19:50:07,ESP8266_Node_1,27.18,50.75
2026-04-15 19:55:07,ESP8266_Node_1,26.98,51.57
2026-04-15 20:00:07,ESP8266_Node_1,27.26,50.9
2026-04-15 20:05:07,ESP8266_Node_1,28.0,51.58
2026-04-15 20:10:07,ESP8266_Node_1,26.85,55.26
2026-04-15 20:15:07,ESP8266_Node_1,28.05,51.24
2026-04-15 20:20:07,ESP8266_Node_1,27.11,52.64
2026-04-15 20:25:07,ESP8266_Node_1,26.49,56.03
2026-04-15 20:30:07,ESP8266_Node_1,26.78,55.43
2026-04-15 20:35:07,ESP8266_Node_1,27.26,55.18
2026-04-15 20:40:07,ESP8266_Node_1,25.5,56.85
2026-04-15 20:45:07,ESP8266_Node_1,26.85,55.64
2026-04-15 20:50:07,ESP8266_Node_1,26.78,55.47
2026-04-15 20:55:07,ESP8266_Node_1,27.17,57.85
2026-04-15 21:00:07,ESP8266_Node_1,26.73,55.43
2026-04-15 21:05:07,ESP8266_Node_1,26.52,57.34
2026-04-15 21:10:07,ESP8266_Node_1,26.19,57.22
2026-04-15 21:15:07,ESP8266_Node_1,25.94,57.96
2026-04-15 21:20:07,ESP8266_Node_1,41.27,56.84
2026-04-15 21:25:07,ESP8266_Node_1,25.86,61.44
2026-04-15 21:30:07,ESP8266_Node_1,25.64,56.42
2026-04-15 21:35:07,ESP8266_Node_1,26.1,58.34
2026-04-15 21:40:07,ESP8266_Node_1,35.72,57.71
2026-04-15 21:45:07,ESP8266_Node_1,17.69,57.91
2026-04-15 21:50:07,ESP8266_Node_1,25.59,59.46
2026-04-15 21:55:07,ESP8266_Node_1,25.54,59.09
2026-04-15 22:00:07,ESP8266_Node_1,25.03,59.82
2026-04-15 22:05:07,ESP8266_Node_1,24.41,60.68
2026-04-15 22:10:07,ESP8266_Node_1,24.31,61.28
2026-04-15 22:15:07,ESP8266_Node_1,23.9,61.07
2026-04-15 22:20:07,ESP8266_Node_1,24.4,59.28
2026-04-15 22:25:07,ESP8266_Node_1,24.8,64.3
2026-04-15 22:30:07,ESP8266_Node_1,25.07,59.49
2026-04-15 22:35:07,ESP8266_Node_1,23.92,62.05
2026-04-15 22:40:07,ESP8266_Node_1,24.33,63.04
2026-04-15 22:45:07,ESP8266_Node_1,24.22,61.72
2026-04-15 22:50:07,ESP8266_Node_1,23.89,60.96
2026-04-15 22:55:07,ESP8266_Node_1,24.59,61.33
2026-04-15 23:00:07,ESP8266_Node_1,24.61,62.91
2026-04-15 23:05:07,ESP8266_Node_1,22.67,67.0
2026-04-15 23:10:07,ESP8266_Node_1,23.44,64.63
2026-04-15 23:15:07,ESP8266_Node_1,23.19,65.28
2026-04-15 23:20:07,ESP8266_Node_1,22.46,63.86
2026-04-15 23:25:07,ESP8266_Node_1,23.49,66.13
2026-04-15 23:30:07,ESP8266_Node_1,22.96,65.61
2026-04-15 23:35:07,ESP8266_Node_1,22.86,65.19
2026-04-15 23:40:07,ESP8266_Node_1,23.84,65.44
2026-04-15 23:45:07,ESP8266_Node_1,23.28,67.46
2026-04-15 23:50:07,ESP8266_Node_1,22.35,68.62
2026-04-15 23:55:07,ESP8266_Node_1,22.01,68.77
2026-04-16 00:00:07,ESP8266_Node_1,21.92,67.64
2026-04-16 00:05:07,ESP8266_Node_1,22.32,66.72
2026-04-16 00:10:07,ESP8266_Node_1,22.44,66.82
2026-04-16 00:15:07,ESP8266_Node_1,22.5,68.84
2026-04-16 00:20:07,ESP8266_Node_1,21.82,67.34
2026-04-16 00:25:07,ESP8266_Node_1,21.52,69.01
2026-04-16 00:30:07,ESP8266_Node_1,22.05,70.6
2026-04-16 00:35:07,ESP8266_Node_1,21.43,69.02
2026-04-16 00:40:07,ESP8266_Node_1,22.62,68.21
2026-04-16 00:45:07,ESP8266_Node_1,21.48,67.67
2026-04-16 00:50:07,ESP8266_Node_1,21.79,69.23
2026-04-16 00:55:07,ESP8266_Node_1,21.91,71.21
2026-04-16 01:00:07,ESP8266_Node_1,21.88,70.14
2026-04-16 01:05:07,ESP8266_Node_1,20.93,69.99
2026-04-16 01:10:07,ESP8266_Node_1,21.96,70.52
2026-04-16 01:15:07,ESP8266_Node_1,21.24,74.32
2026-04-16 01:20:07,ESP8266_Node_1,21.83,74.46
2026-04-16 01:25:07,ESP8266_Node_1,21.49,74.49
2026-04-16 01:30:07,ESP8266_Node_1,20.96,71.06
2026-04-16 01:35:07,ESP8266_Node_1,20.18,71.94
2026-04-16 01:40:07,ESP8266_Node_1,20.7,71.12
2026-04-16 01:45:07,ESP8266_Node_1,20.66,75.05
2026-04-16 01:50:07,ESP8266_Node_1,21.39,74.02
2026-04-16 01:55:07,ESP8266_Node_1,19.38,73.49
2026-04-16 02:00:07,ESP8266_Node_1,20.67,71.44
2026-04-16 02:05:07,ESP8266_Node_1,19.55,73.61
2026-04-16 02:10:07,ESP8266_Node_1,20.35,71.35
2026-04-16 02:15:07,ESP8266_Node_1,20.34,75.11
2026-04-16 02:20:07,ESP8266_Node_1,19.68,72.36
2026-04-16 02:25:07,ESP8266_Node_1,20.65,73.01
2026-04-16 02:30:07,ESP8266_Node_1,19.78,73.77
2026-04-16 02:35:07,ESP8266_Node_1,20.41,73.49
2026-04-16 02:40:07,ESP8266_Node_1,20.76,72.97
2026-04-16 02:45:07,ESP8266_Node_1,20.04,74.92
2026-04-16 02:50:07,ESP8266_Node_1,20.48,74.66
2026-04-16 02:55:07,ESP8266_Node_1,19.89,72.68
2026-04-16 03:00:07,ESP8266_Node_1,20.76,70.1
2026-04-16 03:05:07,ESP8266_Node_1,20.63,73.14
2026-04-16 03:10:07,ESP8266_Node_1,19.85,74.72
2026-04-16 03:15:07,ESP8266_Node_1,20.28,74.01
2026-04-16 03:20:07,ESP8266_Node_1,19.58,75.58
2026-04-16 03:25:07,ESP8266_Node_1,20.52,74.42
2026-04-16 03:30:07,ESP8266_Node_1,20.75,74.03
2026-04-16 03:35:07,ESP8266_Node_1,20.32,73.72
2026-04-16 03:40:07,ESP8266_Node_1,19.46,73.61
2026-04-16 03:45:07,ESP8266_Node_1,20.1,73.93
2026-04-16 03:50:07,ESP8266_Node_1,20.84,75.01
2026-04-16 03:55:07,ESP8266_Node_1,20.13,74.63
2026-04-16 04:00:07,ESP8266_Node_1,19.58,77.12
2026-04-16 04:05:07,ESP8266_Node_1,19.99,75.96
2026-04-16 04:10:07,ESP8266_Node_1,20.2,73.64
2026-04-16 04:15:07,ESP8266_Node_1,20.2,73.9
2026-04-16 04:20:07,ESP8266_Node_1,19.42,73.53
2026-04-16 04:25:07,ESP8266_Node_1,20.82,77.3
2026-04-16 04:30:07,ESP8266_Node_1,19.79,72.61
2026-04-16 04:35:07,ESP8266_Node_1,20.51,75.81
2026-04-16 04:40:07,ESP8266_Node_1,20.47,76.26
2026-04-16 04:45:07,ESP8266_Node_1,20.06,74.65
2026-04-16 04:50:07,ESP8266_Node_1,19.4,76.61
2026-04-16 04:55:07,ESP8266_Node_1,19.59,77.53
2026-04-16 05:00:07,ESP8266_Node_1,20.47,75.88
2026-04-16 05:05:07,ESP8266_Node_1,19.6,75.17
2026-04-16 05:10:07,ESP8266_Node_1,20.29,74.39
2026-04-16 05:15:07,ESP8266_Node_1,20.75,72.73
2026-04-16 05:20:07,ESP8266_Node_1,19.85,71.81
2026-04-16 05:25:07,ESP8266_Node_1,13.16,75.12
2026-04-16 05:30:07,ESP8266_Node_1,21.38,72.86
2026-04-16 05:35:07,ESP8266_Node_1,20.07,70.53
2026-04-16 05:40:07,ESP8266_Node_1,20.52,75.42
2026-04-16 05:45:07,ESP8266_Node_1,20.82,75.84
2026-04-16 05:50:07,ESP8266_Node_1,20.53,72.76
2026-04-16 05:55:07,ESP8266_Node_1,20.67,74.14
2026-04-16 06:00:07,ESP8266_Node_1,20.6,71.13
2026-04-16 06:05:07,ESP8266_Node_1,21.29,72.67
2026-04-16 06:10:07,ESP8266_Node_1,20.71,72.34
2026-04-16 06:15:07,ESP8266_Node_1,20.79,73.31
2026-04-16 06:20:07,ESP8266_Node_1,20.63,72.01
2026-04-16 06:25:07,ESP8266_Node_1,20.76,73.28
2026-04-16 06:30:07,ESP8266_Node_1,20.1,69.6
2026-04-16 06:35:07,ESP8266_Node_1,22.07,72.58
2026-04-16 06:40:07,ESP8266_Node_1,21.39,71.99
2026-04-16 06:45:07,ESP8266_Node_1,20.99,70.06
2026-04-16 06:50:07,ESP8266_Node_1,21.38,68.71
2026-04-16 06:55:07,ESP8266_Node_1,20.61,70.17
2026-04-16 07:00:07,ESP8266_Node_1,21.28,70.07
2026-04-16 07:05:07,ESP8266_Node_1,20.92,68.37
2026-04-16 07:10:07,ESP8266_Node_1,22.31,73.23
2026-04-16 07:15:07,ESP8266_Node_1,21.77,67.55
2026-04-16 07:20:07,ESP8266_Node_1,21.25,68.39
2026-04-16 07:25:07,ESP8266_Node_1,21.89,70.25
2026-04-16 07:30:07,ESP8266_Node_1,20.99,69.05
2026-04-16 07:35:07,ESP8266_Node_1,22.39,70.95
2026-04-16 07:40:07,ESP8266_Node_1,22.07,69.01
2026-04-16 07:45:07,ESP8266_Node_1,22.75,68.92
2026-04-16 07:50:07,ESP8266_Node_1,22.55,68.29
2026-04-16 07:55:07,ESP8266_Node_1,22.44,67.64
2026-04-16 08:00:07,ESP8266_Node_1,23.21,65.09
2026-04-16 08:05:07,ESP8266_Node_1,22.35,68.54
2026-04-16 08:10:07,ESP8266_Node_1,22.11,68.65
2026-04-16 08:15:07,ESP8266_Node_1,22.75,64.92
2026-04-16 08:20:07,ESP8266_Node_1,22.72,65.27
2026-04-16 08:25:07,ESP8266_Node_1,22.85,64.39
2026-04-16 08:30:07,ESP8266_Node_1,23.21,63.83
2026-04-16 08:35:07,ESP8266_Node_1,23.69,64.95
2026-04-16 08:40:07,ESP8266_Node_1,23.22,67.57
2026-04-16 08:45:07,ESP8266_Node_1,23.22,61.43
2026-04-16 08:50:07,ESP8266_Node_1,23.08,64.83
2026-04-16 08:55:07,ESP8266_Node_1,23.15,64.32
2026-04-16 09:00:07,ESP8266_Node_1,23.21,63.6
2026-04-16 09:05:07,ESP8266_Node_1,23.68,62.03
2026-04-16 09:10:07,ESP8266_Node_1,22.77,63.82
2026-04-16 09:15:07,ESP8266_Node_1,25.1,64.55
2026-04-16 09:20:07,ESP8266_Node_1,24.38,63.86
2026-04-16 09:25:07,ESP8266_Node_1,25.11,62.09
2026-04-16 09:30:07,ESP8266_Node_1,23.76,61.4
2026-04-16 09:35:07,ESP8266_Node_1,24.53,63.15
2026-04-16 09:40:07,ESP8266_Node_1,25.02,62.0
2026-04-16 09:45:07,ESP8266_Node_1,24.94,58.58
2026-04-16 09:50:07,ESP8266_Node_1,23.97,58.33
2026-04-16 09:55:07,ESP8266_Node_1,24.15,60.54
2026-04-16 10:00:07,ESP8266_Node_1,25.14,60.24
2026-04-16 10:05:07,ESP8266_Node_1,24.71,59.21
2026-04-16 10:10:07,ESP8266_Node_1,24.95,59.43
2026-04-16 10:15:07,ESP8266_Node_1,25.31,60.07
2026-04-16 10:20:07,ESP8266_Node_1,26.37,59.28
2026-04-16 10:25:07,ESP8266_Node_1,25.33,55.75
2026-04-16 10:30:07,ESP8266_Node_1,26.38,60.01
2026-04-16 10:35:07,ESP8266_Node_1,25.57,58.7
2026-04-16 10:40:07,ESP8266_Node_1,26.0,57.67
2026-04-16 10:45:07,ESP8266_Node_1,24.69,56.34
2026-04-16 10:50:07,ESP8266_Node_1,25.69,55.83
2026-04-16 10:55:07,ESP8266_Node_1,26.99,54.94
2026-04-16 11:00:07,ESP8266_Node_1,26.04,54.01
2026-04-16 11:05:07,ESP8266_Node_1,25.96,57.27
2026-04-16 11:10:07,ESP8266_Node_1,27.04,56.5
2026-04-16 11:15:07,ESP8266_Node_1,26.81,54.91
2026-04-16 11:20:07,ESP8266_Node_1,26.83,54.77
2026-04-16 11:25:07,ESP8266_Node_1,27.47,53.01
2026-04-16 11:30:07,ESP8266_Node_1,26.39,55.44
2026-04-16 11:35:07,ESP8266_Node_1,26.76,53.78
2026-04-16 11:40:07,ESP8266_Node_1,28.05,52.89
2026-04-16 11:45:07,ESP8266_Node_1,27.28,52.53
2026-04-16 11:50:07,ESP8266_Node_1,27.26,51.56
2026-04-16 11:55:07,ESP8266_Node_1,27.65,55.43
2026-04-16 12:00:07,ESP8266_Node_1,26.94,52.32
2026-04-16 12:05:07,ESP8266_Node_1,28.08,50.84
2026-04-16 12:10:07,ESP8266_Node_1,27.33,51.16
2026-04-16 12:15:07,ESP8266_Node_1,26.61,52.61
2026-04-16 12:20:07,ESP8266_Node_1,27.24,52.16
2026-04-16 12:25:07,ESP8266_Node_1,27.97,49.77
2026-04-16 12:30:07,ESP8266_Node_1,28.52,49.51
2026-04-16 12:35:07,ESP8266_Node_1,28.51,48.45
2026-04-16 12:40:07,ESP8266_Node_1,27.63,49.33
2026-04-16 12:45:07,ESP8266_Node_1,28.13,51.8
2026-04-16 12:50:07,ESP8266_Node_1,28.24,50.23
2026-04-16 12:55:07,ESP8266_Node_1,27.67,46.77
2026-04-16 13:00:07,ESP8266_Node_1,28.07,49.03
2026-04-16 13:05:07,ESP8266_Node_1,28.68,48.54
2026-04-16 13:10:07,ESP8266_Node_1,28.5,47.04
2026-04-16 13:15:07,ESP8266_Node_1,29.31,48.79
2026-04-16 13:20:07,ESP8266_Node_1,29.01,47.06
2026-04-16 13:25:07,ESP8266_Node_1,30.01,51.89
2026-04-16 13:30:07,ESP8266_Node_1,28.74,49.86
2026-04-16 13:35:07,ESP8266_Node_1,28.9,46.66
2026-04-16 13:40:07,ESP8266_Node_1,29.53,47.96
2026-04-16 13:45:07,ESP8266_Node_1,29.28,46.88
2026-04-16 13:50:07,ESP8266_Node_1,28.56,46.27
2026-04-16 13:55:07,ESP8266_Node_1,28.38,47.97
2026-04-16 14:00:07,ESP8266_Node_1,28.85,46.79
2026-04-16 14:05:07,ESP8266_Node_1,29.54,45.79
2026-04-16 14:10:07,ESP8266_Node_1,28.92,47.23
2026-04-16 14:15:07,ESP8266_Node_1,29.6,44.91
2026-04-16 14:20:07,ESP8266_Node_1,29.66,46.4
2026-04-16 14:25:07,ESP8266_Node_1,29.48,48.94
2026-04-16 14:30:07,ESP8266_Node_1,29.59,45.68
2026-04-16 14:35:07,ESP8266_Node_1,28.9,47.06
2026-04-16 14:40:07,ESP8266_Node_1,29.94,45.48
2026-04-16 14:45:07,ESP8266_Node_1,29.49,44.49
2026-04-16 14:50:07,ESP8266_Node_1,29.84,42.53
2026-04-16 14:55:07,ESP8266_Node_1,29.95,44.76
2026-04-16 15:00:07,ESP8266_Node_1,30.01,46.27
2026-04-16 15:05:07,ESP8266_Node_1,30.03,45.68
2026-04-16 15:10:07,ESP8266_Node_1,29.98,47.21
2026-04-16 15:15:07,ESP8266_Node_1,30.86,44.72
2026-04-16 15:20:07,ESP8266_Node_1,29.52,45.46
2026-04-16 15:25:07,ESP8266_Node_1,30.18,48.54
2026-04-16 15:30:07,ESP8266_Node_1,30.46,44.91
2026-04-16 15:35:07,ESP8266_Node_1,30.7,43.66
2026-04-16 15:40:07,ESP8266_Node_1,29.84,44.39
2026-04-16 15:45:07,ESP8266_Node_1,30.68,47.1
2026-04-16 15:50:07,ESP8266_Node_1,29.58,45.31
2026-04-16 15:55:07,ESP8266_Node_1,29.6,43.44
2026-04-16 16:00:07,ESP8266_Node_1,30.79,47.92
2026-04-16 16:05:07,ESP8266_Node_1,30.34,42.02
2026-04-16 16:10:07,ESP8266_Node_1,31.31,44.94
2026-04-16 16:15:07,ESP8266_Node_1,30.32,46.44
2026-04-16 16:20:07,ESP8266_Node_1,30.17,46.91
2026-04-16 16:25:07,ESP8266_Node_1,30.51,43.15
2026-04-16 16:30:07,ESP8266_Node_1,29.46,40.61
2026-04-16 16:35:07,ESP8266_Node_1,30.6,45.15
2026-04-16 16:40:07,ESP8266_Node_1,29.62,45.22
2026-04-16 16:45:07,ESP8266_Node_1,30.39,45.32
2026-04-16 16:50:07,ESP8266_Node_1,30.32,43.98
2026-04-16 16:55:07,ESP8266_Node_1,30.2,46.78
2026-04-16 17:00:07,ESP8266_Node_1,29.68,45.0
2026-04-16 17:05:07,ESP8266_Node_1,29.57,45.98
2026-04-16 17:10:07,ESP8266_Node_1,29.8,44.8
2026-04-16 17:15:07,ESP8266_Node_1,29.28,46.61
2026-04-16 17:20:07,ESP8266_Node_1,29.56,46.08
2026-04-16 17:25:07,ESP8266_Node_1,29.95,43.96
2026-04-16 17:30:07,ESP8266_Node_1,29.5,47.21
2026-04-16 17:35:07,ESP8266_Node_1,29.72,47.08
2026-04-16 17:40:07,ESP8266_Node_1,30.09,41.85
2026-04-16 17:45:07,ESP8266_Node_1,29.64,49.16
2026-04-16 17:50:07,ESP8266_Node_1,30.02,51.04
2026-04-16 17:55:07,ESP8266_Node_1,29.06,44.84
2026-04-16 18:00:07,ESP8266_Node_1,29.48,47.89
2026-04-16 18:05:07,ESP8266_Node_1,29.76,48.12
2026-04-16 18:10:07,ESP8266_Node_1,28.51,47.3
2026-04-16 18:15:07,ESP8266_Node_1,28.68,48.67
2026-04-16 18:20:07,ESP8266_Node_1,28.45,49.43
2026-04-16 18:25:07,ESP8266_Node_1,28.91,45.41
2026-04-16 18:30:07,ESP8266_Node_1,29.59,47.3
2026-04-16 18:35:07,ESP8266_Node_1,29.22,48.27
2026-04-16 18:40:07,ESP8266_Node_1,28.07,48.69
2026-04-16 18:45:07,ESP8266_Node_1,28.57,50.69
2026-04-16 18:50:07,ESP8266_Node_1,29.18,49.32
2026-04-16 18:55:07,ESP8266_Node_1,28.04,49.32
2026-04-16 19:00:07,ESP8266_Node_1,27.93,48.38
2026-04-16 19:05:07,ESP8266_Node_1,29.64,49.26
2026-04-16 19:10:07,ESP8266_Node_1,28.56,49.4
2026-04-16 19:15:07,ESP8266_Node_1,28.35,51.41
2026-04-16 19:20:07,ESP8266_Node_1,28.5,49.73
2026-04-16 19:25:07,ESP8266_Node_1,27.94,48.92
2026-04-16 19:30:07,ESP8266_Node_1,27.9,49.64
2026-04-16 19:35:07,ESP8266_Node_1,29.27,51.75
2026-04-16 19:40:07,ESP8266_Node_1,28.09,50.49
2026-04-16 19:45:07,ESP8266_Node_1,27.97,51.39
2026-04-16 19:50:07,ESP8266_Node_1,27.6,51.4
2026-04-16 19:55:07,ESP8266_Node_1,27.88,50.18
2026-04-16 20:00:07,ESP8266_Node_1,27.57,50.67
2026-04-16 20:05:07,ESP8266_Node_1,27.32,53.89
2026-04-16 20:10:07,ESP8266_Node_1,27.19,52.76
2026-04-16 20:15:07,ESP8266_Node_1,26.68,52.01
2026-04-16 20:20:07,ESP8266_Node_1,27.46,54.15
2026-04-16 20:25:07,ESP8266_Node_1,27.43,52.98
2026-04-16 20:30:07,ESP8266_Node_1,28.02,56.72
2026-04-16 20:35:07,ESP8266_Node_1,26.3,53.28
2026-04-16 20:40:07,ESP8266_Node_1,26.79,55.04
2026-04-16 20:45:07,ESP8266_Node_1,26.22,54.52
2026-04-16 20:50:07,ESP8266_Node_1,27.36,54.17
2026-04-16 20:55:07,ESP8266_Node_1,26.57,54.84
2026-04-16 21:00:07,ESP8266_Node_1,27.02,54.32
2026-04-16 21:05:07,ESP8266_Node_1,26.46,56.98
2026-04-16 21:10:07,ESP8266_Node_1,25.53,58.0
2026-04-16 21:15:07,ESP8266_Node_1,25.84,55.9
2026-04-16 21:20:07,ESP8266_Node_1,25.92,58.19
2026-04-16 21:25:07,ESP8266_Node_1,25.89,58.53
2026-04-16 21:30:07,ESP8266_Node_1,25.51,59.73
2026-04-16 21:35:07,ESP8266_Node_1,25.8,59.38
2026-04-16 21:40:07,ESP8266_Node_1,24.68,57.07
2026-04-16 21:45:07,ESP8266_Node_1,24.57,59.55
2026-04-16 21:50:07,ESP8266_Node_1,24.78,59.88
2026-04-16 21:55:07,ESP8266_Node_1,24.64,57.3
2026-04-16 22:00:07,ESP8266_Node_1,25.77,57.9
2026-04-16 22:05:07,ESP8266_Node_1,24.21,59.26
2026-04-16 22:10:07,ESP8266_Node_1,24.63,61.24
2026-04-16 22:15:07,ESP8266_Node_1,25.02,62.74
2026-04-16 22:20:07,ESP8266_Node_1,23.95,61.87
2026-04-16 22:25:07,ESP8266_Node_1,24.82,94.01
2026-04-16 22:30:07,ESP8266_Node_1,24.19,64.86
2026-04-16 22:35:07,ESP8266_Node_1,23.94,59.63
2026-04-16 22:40:07,ESP8266_Node_1,24.11,60.86
2026-04-16 22:45:07,ESP8266_Node_1,23.59,59.36
2026-04-16 22:50:07,ESP8266_Node_1,24.35,63.65
2026-04-16 22:55:07,ESP8266_Node_1,23.72,62.58
2026-04-16 23:00:07,ESP8266_Node_1,23.74,63.74
2026-04-16 23:05:07,ESP8266_Node_1,24.12,63.87
2026-04-16 23:10:07,ESP8266_Node_1,23.98,65.93
2026-04-16 23:15:07,ESP8266_Node_1,23.58,65.51
2026-04-16 23:20:07,ESP8266_Node_1,22.33,64.99
2026-04-16 23:25:07,ESP8266_Node_1,23.9,65.12
2026-04-16 23:30:07,ESP8266_Node_1,22.97,64.72
2026-04-16 23:35:07,ESP8266_Node_1,23.28,67.02
2026-04-16 23:40:07,ESP8266_Node_1,22.41,63.86
2026-04-16 23:45:07,ESP8266_Node_1,23.16,67.04
2026-04-16 23:50:07,ESP8266_Node_1,22.18,68.85
2026-04-16 23:55:07,ESP8266_Node_1,38.24,66.73
2026-04-17 00:00:07,ESP8266_Node_1,23.28,64.98
2026-04-17 00:05:07,ESP8266_Node_1,22.57,67.1
2026-04-17 00:10:07,ESP8266_Node_1,22.42,67.39
2026-04-17 00:15:07,ESP8266_Node_1,21.62,42.36
2026-04-17 00:20:07,ESP8266_Node_1,22.88,66.92
2026-04-17 00:25:07,ESP8266_Node_1,22.37,68.67
2026-04-17 00:30:07,ESP8266_Node_1,21.99,69.36
2026-04-17 00:35:07,ESP8266_Node_1,21.82,66.83
2026-04-17 00:40:07,ESP8266_Node_1,23.0,69.44
2026-04-17 00:45:07,ESP8266_Node_1,21.36,71.15
2026-04-17 00:50:07,ESP8266_Node_1,37.31,69.15
2026-04-17 00:55:07,ESP8266_Node_1,22.22,68.86
2026-04-17 01:00:07,ESP8266_Node_1,21.57,70.43
2026-04-17 01:05:07,ESP8266_Node_1,21.07,70.04
2026-04-17 01:10:07,ESP8266_Node_1,20.74,73.05
2026-04-17 01:15:07,ESP8266_Node_1,21.17,70.22
2026-04-17 01:20:07,ESP8266_Node_1,21.89,70.37
2026-04-17 01:25:07,ESP8266_Node_1,21.11,71.49
2026-04-17 01:30:07,ESP8266_Node_1,21.35,71.29
2026-04-17 01:35:07,ESP8266_Node_1,21.27,71.0
2026-04-17 01:40:07,ESP8266_Node_1,19.82,72.08
2026-04-17 01:45:07,ESP8266_Node_1,21.96,72.54
2026-04-17 01:50:07,ESP8266_Node_1,21.52,72.27
2026-04-17 01:55:07,ESP8266_Node_1,20.3,72.67
2026-04-17 02:00:07,ESP8266_Node_1,20.02,73.95
2026-04-17 02:05:07,ESP8266_Node_1,21.06,73.85
2026-04-17 02:10:07,ESP8266_Node_1,20.56,74.37
2026-04-17 02:15:07,ESP8266_Node_1,20.15,74.1
2026-04-17 02:20:07,ESP8266_Node_1,20.57,73.22
2026-04-17 02:25:07,ESP8266_Node_1,20.62,73.46
2026-04-17 02:30:07,ESP8266_Node_1,20.27,75.44
2026-04-17 02:35:07,ESP8266_Node_1,20.39,75.27
2026-04-17 02:40:07,ESP8266_Node_1,20.74,74.47
2026-04-17 02:45:07,ESP8266_Node_1,20.59,75.38
2026-04-17 02:50:07,ESP8266_Node_1,20.66,75.04
2026-04-17 02:55:07,ESP8266_Node_1,20.74,72.42
2026-04-17 03:00:07,ESP8266_Node_1,20.37,73.58
2026-04-17 03:05:07,ESP8266_Node_1,19.9,75.33
2026-04-17 03:10:07,ESP8266_Node_1,19.72,73.24
2026-04-17 03:15:07,ESP8266_Node_1,19.68,76.39
2026-04-17 03:20:07,ESP8266_Node_1,20.63,76.85
2026-04-17 03:25:07,ESP8266_Node_1,19.35,72.21
2026-04-17 03:30:07,ESP8266_Node_1,19.47,73.46
2026-04-17 03:35:07,ESP8266_Node_1,19.46,73.47
2026-04-17 03:40:07,ESP8266_Node_1,20.13,73.12
2026-04-17 03:45:07,ESP8266_Node_1,20.51,72.67
2026-04-17 03:50:07,ESP8266_Node_1,19.93,74.57
2026-04-17 03:55:07,ESP8266_Node_1,20.82,75.22
2026-04-17 04:00:07,ESP8266_Node_1,20.05,76.54
2026-04-17 04:05:07,ESP8266_Node_1,19.71,75.77
2026-04-17 04:10:07,ESP8266_Node_1,19.31,76.68
2026-04-17 04:15:07,ESP8266_Node_1,20.31,75.45
2026-04-17 04:20:07,ESP8266_Node_1,20.43,73.52
2026-04-17 04:25:07,ESP8266_Node_1,20.51,78.3
2026-04-17 04:30:07,ESP8266_Node_1,19.52,75.72
2026-04-17 04:35:07,ESP8266_Node_1,20.02,73.77
2026-04-17 04:40:07,ESP8266_Node_1,19.75,70.79
2026-04-17 04:45:07,ESP8266_Node_1,21.01,76.6
2026-04-17 04:50:07,ESP8266_Node_1,19.72,75.26
2026-04-17 04:55:07,ESP8266_Node_1,20.21,75.57
2026-04-17 05:00:07,ESP8266_Node_1,20.44,72.9
2026-04-17 05:05:07,ESP8266_Node_1,19.82,73.51
2026-04-17 05:10:07,ESP8266_Node_1,20.22,74.4
2026-04-17 05:15:07,ESP8266_Node_1,20.06,74.51
2026-04-17 05:20:07,ESP8266_Node_1,20.03,74.05
2026-04-17 05:25:07,ESP8266_Node_1,20.68,71.67
2026-04-17 05:30:07,ESP8266_Node_1,20.84,72.37
2026-04-17 05:35:07,ESP8266_Node_1,20.16,76.01
2026-04-17 05:40:07,ESP8266_Node_1,20.46,71.83
2026-04-17 05:45:07,ESP8266_Node_1,20.51,76.32
2026-04-17 05:50:07,ESP8266_Node_1,20.78,71.7
2026-04-17 05:55:07,ESP8266_Node_1,21.51,74.57
2026-04-17 06:00:07,ESP8266_Node_1,21.28,72.8
2026-04-17 06:05:07,ESP8266_Node_1,20.95,72.75
2026-04-17 06:10:07,ESP8266_Node_1,20.68,70.73
2026-04-17 06:15:07,ESP8266_Node_1,21.6,74.15
2026-04-17 06:20:07,ESP8266_Node_1,20.88,72.95
2026-04-17 06:25:07,ESP8266_Node_1,19.68,73.09
2026-04-17 06:30:07,ESP8266_Node_1,21.35,71.31
2026-04-17 06:35:07,ESP8266_Node_1,20.91,70.84
2026-04-17 06:40:07,ESP8266_Node_1,20.81,70.49
2026-04-17 06:45:07,ESP8266_Node_1,22.21,71.24
2026-04-17 06:50:07,ESP8266_Node_1,20.95,68.92
2026-04-17 06:55:07,ESP8266_Node_1,21.75,71.81
2026-04-17 07:00:07,ESP8266_Node_1,21.72,70.68
2026-04-17 07:05:07,ESP8266_Node_1,21.46,67.46
2026-04-17 07:10:07,ESP8266_Node_1,21.16,72.25
2026-04-17 07:15:07,ESP8266_Node_1,21.66,71.62
2026-04-17 07:20:07,ESP8266_Node_1,21.29,68.18
2026-04-17 07:25:07,ESP8266_Node_1,22.01,70.36
2026-04-17 07:30:07,ESP8266_Node_1,22.36,70.81
2026-04-17 07:35:07,ESP8266_Node_1,21.82,66.99
2026-04-17 07:40:07,ESP8266_Node_1,21.93,69.46
2026-04-17 07:45:07,ESP8266_Node_1,22.12,66.64
2026-04-17 07:50:07,ESP8266_Node_1,21.6,68.07
2026-04-17 07:55:07,ESP8266_Node_1,22.16,66.25
2026-04-17 08:00:07,ESP8266_Node_1,21.95,64.93
2026-04-17 08:05:07,ESP8266_Node_1,23.21,69.28
2026-04-17 08:10:07,ESP8266_Node_1,22.06,64.47
2026-04-17 08:15:07,ESP8266_Node_1,22.22,62.36
2026-04-17 08:20:07,ESP8266_Node_1,22.31,68.17
2026-04-17 08:25:07,ESP8266_Node_1,23.41,63.89
2026-04-17 08:30:07,ESP8266_Node_1,22.66,66.4
2026-04-17 08:35:07,ESP8266_Node_1,23.04,65.24
2026-04-17 08:40:07,ESP8266_Node_1,23.35,65.8
2026-04-17 08:45:07,ESP8266_Node_1,22.91,63.73
2026-04-17 08:50:07,ESP8266_Node_1,23.79,66.05
2026-04-17 08:55:07,ESP8266_Node_1,24.64,65.79
2026-04-17 09:00:07,ESP8266_Node_1,23.13,64.71
2026-04-17 09:05:07,ESP8266_Node_1,23.82,64.29
2026-04-17 09:10:07,ESP8266_Node_1,23.35,60.84
2026-04-17 09:15:07,ESP8266_Node_1,23.53,62.36
2026-04-17 09:20:07,ESP8266_Node_1,24.17,62.9
2026-04-17 09:25:07,ESP8266_Node_1,23.29,60.89
2026-04-17 09:30:07,ESP8266_Node_1,24.87,63.72
2026-04-17 09:35:07,ESP8266_Node_1,24.66,60.36
2026-04-17 09:40:07,ESP8266_Node_1,23.96,62.2
2026-04-17 09:45:07,ESP8266_Node_1,25.01,59.19
2026-04-17 09:50:07,ESP8266_Node_1,24.59,62.19
2026-04-17 09:55:07,ESP8266_Node_1,24.98,61.23
2026-04-17 10:00:07,ESP8266_Node_1,25.73,62.46
2026-04-17 10:05:07,ESP8266_Node_1,24.51,59.31
2026-04-17 10:10:07,ESP8266_Node_1,24.59,57.5
2026-04-17 10:15:07,ESP8266_Node_1,25.83,59.93
2026-04-17 10:20:07,ESP8266_Node_1,26.92,59.25
2026-04-17 10:25:07,ESP8266_Node_1,25.59,57.96
2026-04-17 10:30:07,ESP8266_Node_1,26.13,58.77
2026-04-17 10:35:07,ESP8266_Node_1,26.59,58.01
2026-04-17 10:40:07,ESP8266_Node_1,26.2,53.81
2026-04-17 10:45:07,ESP8266_Node_1,25.8,56.63
2026-04-17 10:50:07,ESP8266_Node_1,26.76,57.45
2026-04-17 10:55:07,ESP8266_Node_1,26.15,54.87
2026-04-17 11:00:07,ESP8266_Node_1,25.98,59.38
2026-04-17 11:05:07,ESP8266_Node_1,26.4,57.46
2026-04-17 11:10:07,ESP8266_Node_1,26.88,54.92
2026-04-17 11:15:07,ESP8266_Node_1,27.41,55.0
2026-04-17 11:20:07,ESP8266_Node_1,26.0,54.74
2026-04-17 11:25:07,ESP8266_Node_1,26.81,54.79
2026-04-17 11:30:07,ESP8266_Node_1,27.48,51.24
2026-04-17 11:35:07,ESP8266_Node_1,27.18,52.69
2026-04-17 11:40:07,ESP8266_Node_1,27.56,55.37
2026-04-17 11:45:07,ESP8266_Node_1,26.96,55.46
2026-04-17 11:50:07,ESP8266_Node_1,27.05,51.12
2026-04-17 11:55:07,ESP8266_Node_1,28.12,52.15
2026-04-17 12:00:07,ESP8266_Node_1,27.98,52.08
2026-04-17 12:05:07,ESP8266_Node_1,28.0,49.34
2026-04-17 12:10:07,ESP8266_Node_1,26.97,51.7
2026-04-17 12:15:07,ESP8266_Node_1,26.99,51.56
2026-04-17 12:20:07,ESP8266_Node_1,27.39,51.43
2026-04-17 12:25:07,ESP8266_Node_1,27.66,47.89
2026-04-17 12:30:07,ESP8266_Node_1,28.23,50.22
2026-04-17 12:35:07,ESP8266_Node_1,28.25,52.63
2026-04-17 12:40:07,ESP8266_Node_1,27.7,50.59
2026-04-17 12:45:07,ESP8266_Node_1,28.06,51.03
2026-04-17 12:50:07,ESP8266_Node_1,28.07,48.56
2026-04-17 12:55:07,ESP8266_Node_1,28.93,48.42
2026-04-17 13:00:07,ESP8266_Node_1,28.67,50.31
2026-04-17 13:05:07,ESP8266_Node_1,29.38,48.73
2026-04-17 13:10:07,ESP8266_Node_1,29.34,47.63
2026-04-17 13:15:07,ESP8266_Node_1,28.28,80.66
2026-04-17 13:20:07,ESP8266_Node_1,30.02,45.76
2026-04-17 13:25:07,ESP8266_Node_1,29.09,46.96
2026-04-17 13:30:07,ESP8266_Node_1,28.94,48.46
2026-04-17 13:35:07,ESP8266_Node_1,28.44,46.73
2026-04-17 13:40:07,ESP8266_Node_1,28.97,47.18
2026-04-17 13:45:07,ESP8266_Node_1,30.44,46.35
2026-04-17 13:50:07,ESP8266_Node_1,28.66,46.82
2026-04-17 13:55:07,ESP8266_Node_1,29.66,45.87
2026-04-17 14:00:07,ESP8266_Node_1,29.38,47.44
2026-04-17 14:05:07,ESP8266_Node_1,29.6,45.46
2026-04-17 14:10:07,ESP8266_Node_1,29.33,48.31
2026-04-17 14:15:07,ESP8266_Node_1,28.93,45.14
2026-04-17 14:20:07,ESP8266_Node_1,30.38,46.5
2026-04-17 14:25:07,ESP8266_Node_1,29.01,47.16
2026-04-17 14:30:07,ESP8266_Node_1,29.39,47.53
2026-04-17 14:35:07,ESP8266_Node_1,29.21,45.75
2026-04-17 14:40:07,ESP8266_Node_1,29.83,44.92
2026-04-17 14:45:07,ESP8266_Node_1,30.0,45.22
2026-04-17 14:50:07,ESP8266_Node_1,31.25,46.13
2026-04-17 14:55:07,ESP8266_Node_1,29.99,47.72
2026-04-17 15:00:07,ESP8266_Node_1,31.2,47.6
2026-04-17 15:05:07,ESP8266_Node_1,30.16,44.58
2026-04-17 15:10:07,ESP8266_Node_1,29.56,45.46
2026-04-17 15:15:07,ESP8266_Node_1,29.64,44.85
2026-04-17 15:20:07,ESP8266_Node_1,29.78,44.64
2026-04-17 15:25:07,ESP8266_Node_1,29.78,46.56
2026-04-17 15:30:07,ESP8266_Node_1,30.13,46.22
2026-04-17 15:35:07,ESP8266_Node_1,30.28,46.44
2026-04-17 15:40:07,ESP8266_Node_1,29.71,45.57
2026-04-17 15:45:07,ESP8266_Node_1,29.13,46.78
2026-04-17 15:50:07,ESP8266_Node_1,29.88,45.09
2026-04-17 15:55:07,ESP8266_Node_1,29.57,44.43
2026-04-17 16:00:07,ESP8266_Node_1,31.2,47.77
2026-04-17 16:05:07,ESP8266_Node_1,30.04,47.77
2026-04-17 16:10:07,ESP8266_Node_1,29.43,43.54
2026-04-17 16:15:07,ESP8266_Node_1,30.01,41.82
2026-04-17 16:20:07,ESP8266_Node_1,29.17,44.56
2026-04-17 16:25:07,ESP8266_Node_1,30.41,46.02
2026-04-17 16:30:07,ESP8266_Node_1,30.99,44.55
2026-04-17 16:35:07,ESP8266_Node_1,29.1,44.36
2026-04-17 16:40:07,ESP8266_Node_1,30.05,45.88
2026-04-17 16:45:07,ESP8266_Node_1,30.02,44.14
2026-04-17 16:50:07,ESP8266_Node_1,30.71,43.96
2026-04-17 16:55:07,ESP8266_Node_1,30.97,45.9
2026-04-17 17:00:07,ESP8266_Node_1,30.05,45.76
2026-04-17 17:05:07,ESP8266_Node_1,29.45,46.79
2026-04-17 17:10:07,ESP8266_Node_1,29.29,47.04
2026-04-17 17:15:07,ESP8266_Node_1,28.77,45.8
2026-04-17 17:20:07,ESP8266_Node_1,29.1,46.36
2026-04-17 17:25:07,ESP8266_Node_1,30.36,45.13
2026-04-17 17:30:07,ESP8266_Node_1,29.46,44.38
2026-04-17 17:35:07,ESP8266_Node_1,29.54,44.54
2026-04-17 17:40:07,ESP8266_Node_1,28.89,47.53
2026-04-17 17:45:07,ESP8266_Node_1,45.05,46.84
2026-04-17 17:50:07,ESP8266_Node_1,29.51,46.74
2026-04-17 17:55:07,ESP8266_Node_1,28.9,44.31
2026-04-17 18:00:07,ESP8266_Node_1,29.34,46.22
2026-04-17 18:05:07,ESP8266_Node_1,29.1,47.47
2026-04-17 18:10:07,ESP8266_Node_1,28.97,47.34
2026-04-17 18:15:07,ESP8266_Node_1,29.46,45.9
2026-04-17 18:20:07,ESP8266_Node_1,29.73,46.3
2026-04-17 18:25:07,ESP8266_Node_1,29.14,46.28
2026-04-17 18:30:07,ESP8266_Node_1,28.22,47.06
2026-04-17 18:35:07,ESP8266_Node_1,28.56,49.96
2026-04-17 18:40:07,ESP8266_Node_1,28.32,48.93
2026-04-17 18:45:07,ESP8266_Node_1,27.63,49.16
2026-04-17 18:50:07,ESP8266_Node_1,28.44,48.23
2026-04-17 18:55:07,ESP8266_Node_1,28.57,48.5
2026-04-17 19:00:07,ESP8266_Node_1,28.87,48.94
2026-04-17 19:05:07,ESP8266_Node_1,27.71,51.77
2026-04-17 19:10:07,ESP8266_Node_1,27.97,51.09
2026-04-17 19:15:07,ESP8266_Node_1,28.42,51.31
2026-04-17 19:20:07,ESP8266_Node_1,28.44,46.91
2026-04-17 19:25:07,ESP8266_Node_1,28.14,51.39
2026-04-17 19:30:07,ESP8266_Node_1,28.27,52.48
2026-04-17 19:35:07,ESP8266_Node_1,27.69,79.59
2026-04-17 19:40:07,ESP8266_Node_1,27.58,49.83
2026-04-17 19:45:07,ESP8266_Node_1,27.88,51.63
2026-04-17 19:50:07,ESP8266_Node_1,26.98,50.07
2026-04-17 19:55:07,ESP8266_Node_1,27.16,53.26
2026-04-17 20:00:07,ESP8266_Node_1,26.96,53.51
2026-04-17 20:05:07,ESP8266_Node_1,27.98,51.83
2026-04-17 20:10:07,ESP8266_Node_1,27.08,53.24
2026-04-17 20:15:07,ESP8266_Node_1,27.15,50.58
2026-04-17 20:20:07,ESP8266_Node_1,27.08,51.58
2026-04-17 20:25:07,ESP8266_Node_1,26.85,54.66
2026-04-17 20:30:07,ESP8266_Node_1,26.71,54.29
2026-04-17 20:35:07,ESP8266_Node_1,26.31,55.21
2026-04-17 20:40:07,ESP8266_Node_1,26.04,54.22
2026-04-17 20:45:07,ESP8266_Node_1,26.3,53.85
2026-04-17 20:50:07,ESP8266_Node_1,26.9,55.51
2026-04-17 20:55:07,ESP8266_Node_1,25.0,54.56
2026-04-17 21:00:07,ESP8266_Node_1,26.33,53.8
2026-04-17 21:05:07,ESP8266_Node_1,25.82,58.48
2026-04-17 21:10:07,ESP8266_Node_1,25.48,59.02
2026-04-17 21:15:07,ESP8266_Node_1,26.08,30.31
2026-04-17 21:20:07,ESP8266_Node_1,25.11,56.39
2026-04-17 21:25:07,ESP8266_Node_1,25.57,59.11
2026-04-17 21:30:07,ESP8266_Node_1,26.32,56.0
2026-04-17 21:35:07,ESP8266_Node_1,24.94,56.18
2026-04-17 21:40:07,ESP8266_Node_1,24.89,57.13
2026-04-17 21:45:07,ESP8266_Node_1,25.14,58.7
2026-04-17 21:50:07,ESP8266_Node_1,24.86,59.3
2026-04-17 21:55:07,ESP8266_Node_1,24.8,61.26
2026-04-17 22:00:07,ESP8266_Node_1,25.65,60.26
2026-04-17 22:05:07,ESP8266_Node_1,25.59,60.43
2026-04-17 22:10:07,ESP8266_Node_1,24.35,60.74
2026-04-17 22:15:07,ESP8266_Node_1,25.03,61.94
2026-04-17 22:20:07,ESP8266_Node_1,25.13,63.82
2026-04-17 22:25:07,ESP8266_Node_1,24.16,64.76
2026-04-17 22:30:07,ESP8266_Node_1,24.19,63.11
2026-04-17 22:35:07,ESP8266_Node_1,23.69,63.13
2026-04-17 22:40:07,ESP8266_Node_1,24.35,66.76
2026-04-17 22:45:07,ESP8266_Node_1,22.81,64.39
2026-04-17 22:50:07,ESP8266_Node_1,23.91,62.65
2026-04-17 22:55:07,ESP8266_Node_1,23.36,63.72
2026-04-17 23:00:07,ESP8266_Node_1,23.97,64.67
2026-04-17 23:05:07,ESP8266_Node_1,23.68,64.89
2026-04-17 23:10:07,ESP8266_Node_1,23.09,65.17
2026-04-17 23:15:07,ESP8266_Node_1,22.35,65.3
2026-04-17 23:20:07,ESP8266_Node_1,23.31,69.54
2026-04-17 23:25:07,ESP8266_Node_1,22.94,66.72
2026-04-17 23:30:07,ESP8266_Node_1,22.46,61.64
2026-04-17 23:35:07,ESP8266_Node_1,23.24,70.06
2026-04-17 23:40:07,ESP8266_Node_1,23.54,66.23
2026-04-17 23:45:07,ESP8266_Node_1,22.54,66.16
2026-04-17 23:50:07,ESP8266_Node_1,21.98,66.61
2026-04-17 23:55:07,ESP8266_Node_1,22.79,67.77
2026-04-18 00:00:07,ESP8266_Node_1,22.88,67.1
2026-04-18 00:05:07,ESP8266_Node_1,22.52,67.99
2026-04-18 00:10:07,ESP8266_Node_1,21.74,67.58
2026-04-18 00:15:07,ESP8266_Node_1,22.29,71.47
2026-04-18 00:20:07,ESP8266_Node_1,21.64,71.2
2026-04-18 00:25:07,ESP8266_Node_1,22.92,69.0
2026-04-18 00:30:07,ESP8266_Node_1,22.24,71.0
2026-04-18 00:35:07,ESP8266_Node_1,21.93,68.49
2026-04-18 00:40:07,ESP8266_Node_1,21.47,70.32
2026-04-18 00:45:07,ESP8266_Node_1,22.35,72.56
2026-04-18 00:50:07,ESP8266_Node_1,21.0,68.52
2026-04-18 00:55:07,ESP8266_Node_1,22.28,69.32
2026-04-18 01:00:07,ESP8266_Node_1,21.48,70.53
2026-04-18 01:05:07,ESP8266_Node_1,22.08,70.7
2026-04-18 01:10:07,ESP8266_Node_1,21.05,70.08
2026-04-18 01:15:07,ESP8266_Node_1,21.02,73.9
2026-04-18 01:20:07,ESP8266_Node_1,21.05,70.37
2026-04-18 01:25:07,ESP8266_Node_1,21.19,73.22
2026-04-18 01:30:07,ESP8266_Node_1,21.67,72.32
2026-04-18 01:35:07,ESP8266_Node_1,21.3,71.44
2026-04-18 01:40:07,ESP8266_Node_1,20.5,70.72
2026-04-18 01:45:07,ESP8266_Node_1,20.62,71.12
2026-04-18 01:50:07,ESP8266_Node_1,21.39,72.5
2026-04-18 01:55:07,ESP8266_Node_1,22.05,72.94
2026-04-18 02:00:07,ESP8266_Node_1,20.78,75.47
2026-04-18 02:05:07,ESP8266_Node_1,20.83,74.15
2026-04-18 02:10:07,ESP8266_Node_1,19.71,73.51
2026-04-18 02:15:07,ESP8266_Node_1,20.69,76.13
2026-04-18 02:20:07,ESP8266_Node_1,20.95,76.4
2026-04-18 02:25:07,ESP8266_Node_1,20.69,74.65
2026-04-18 02:30:07,ESP8266_Node_1,19.26,77.52
2026-04-18 02:35:07,ESP8266_Node_1,20.51,72.89
2026-04-18 02:40:07,ESP8266_Node_1,19.86,76.77
2026-04-18 02:45:07,ESP8266_Node_1,19.6,72.63
2026-04-18 02:50:07,ESP8266_Node_1,20.84,75.42
2026-04-18 02:55:07,ESP8266_Node_1,21.03,73.86
2026-04-18 03:00:07,ESP8266_Node_1,20.42,74.5
2026-04-18 03:05:07,ESP8266_Node_1,19.63,73.47
2026-04-18 03:10:07,ESP8266_Node_1,19.57,74.0
2026-04-18 03:15:07,ESP8266_Node_1,20.62,73.56
2026-04-18 03:20:07,ESP8266_Node_1,19.66,75.55
2026-04-18 03:25:07,ESP8266_Node_1,19.39,76.68
2026-04-18 03:30:07,ESP8266_Node_1,19.59,76.02
2026-04-18 03:35:07,ESP8266_Node_1,19.85,76.81
2026-04-18 03:40:07,ESP8266_Node_1,19.64,74.59
2026-04-18 03:45:07,ESP8266_Node_1,19.87,73.65
2026-04-18 03:50:07,ESP8266_Node_1,20.96,73.13
2026-04-18 03:55:07,ESP8266_Node_1,19.02,75.88
2026-04-18 04:00:07,ESP8266_Node_1,20.09,75.0
2026-04-18 04:05:07,ESP8266_Node_1,20.13,73.11
2026-04-18 04:10:07,ESP8266_Node_1,20.68,76.53
2026-04-18 04:15:07,ESP8266_Node_1,19.48,74.83
2026-04-18 04:20:07,ESP8266_Node_1,20.52,73.52
2026-04-18 04:25:07,ESP8266_Node_1,19.82,75.84
2026-04-18 04:30:07,ESP8266_Node_1,19.96,76.21
2026-04-18 04:35:07,ESP8266_Node_1,19.76,73.63
2026-04-18 04:40:07,ESP8266_Node_1,20.35,75.13
2026-04-18 04:45:07,ESP8266_Node_1,20.14,74.81
2026-04-18 04:50:07,ESP8266_Node_1,21.05,75.02
2026-04-18 04:55:07,ESP8266_Node_1,19.65,75.01
2026-04-18 05:00:07,ESP8266_Node_1,19.64,76.14
2026-04-18 05:05:07,ESP8266_Node_1,20.28,72.91
2026-04-18 05:10:07,ESP8266_Node_1,19.81,75.01
2026-04-18 05:15:07,ESP8266_Node_1,19.77,75.28
2026-04-18 05:20:07,ESP8266_Node_1,19.98,73.55
2026-04-18 05:25:07,ESP8266_Node_1,20.51,76.33
2026-04-18 05:30:07,ESP8266_Node_1,19.82,74.59
2026-04-18 05:35:07,ESP8266_Node_1,19.82,73.27
2026-04-18 05:40:07,ESP8266_Node_1,21.04,75.42
2026-04-18 05:45:07,ESP8266_Node_1,21.12,73.37
2026-04-18 05:50:07,ESP8266_Node_1,20.38,72.08
2026-04-18 05:55:07,ESP8266_Node_1,20.69,74.28
2026-04-18 06:00:07,ESP8266_Node_1,20.81,72.05
2026-04-18 06:05:07,ESP8266_Node_1,21.27,73.5
2026-04-18 06:10:07,ESP8266_Node_1,20.23,74.89
2026-04-18 06:15:07,ESP8266_Node_1,21.18,70.96
2026-04-18 06:20:07,ESP8266_Node_1,20.32,72.57
2026-04-18 06:25:07,ESP8266_Node_1,20.86,72.18
2026-04-18 06:30:07,ESP8266_Node_1,21.43,70.79
2026-04-18 06:35:07,ESP8266_Node_1,20.51,69.39
2026-04-18 06:40:07,ESP8266_Node_1,21.76,69.35
2026-04-18 06:45:07,ESP8266_Node_1,21.12,71.8
2026-04-18 06:50:07,ESP8266_Node_1,20.2,71.3
2026-04-18 06:55:07,ESP8266_Node_1,21.51,70.18
2026-04-18 07:00:07,ESP8266_Node_1,21.13,66.92
2026-04-18 07:05:07,ESP8266_Node_1,20.67,73.07
2026-04-18 07:10:07,ESP8266_Node_1,21.72,69.14
2026-04-18 07:15:07,ESP8266_Node_1,22.06,70.79
2026-04-18 07:20:07,ESP8266_Node_1,21.43,69.71
2026-04-18 07:25:07,ESP8266_Node_1,21.6,70.09
2026-04-18 07:30:07,ESP8266_Node_1,22.24,65.48
2026-04-18 07:35:07,ESP8266_Node_1,21.35,71.32
2026-04-18 07:40:07,ESP8266_Node_1,21.61,67.25
2026-04-18 07:45:07,ESP8266_Node_1,22.4,67.16
2026-04-18 07:50:07,ESP8266_Node_1,22.48,67.75
2026-04-18 07:55:07,ESP8266_Node_1,22.57,43.02
2026-04-18 08:00:07,ESP8266_Node_1,22.27,69.01
2026-04-18 08:05:07,ESP8266_Node_1,22.17,65.29
2026-04-18 08:10:07,ESP8266_Node_1,22.83,66.91
2026-04-18 08:15:07,ESP8266_Node_1,22.81,67.02
2026-04-18 08:20:07,ESP8266_Node_1,22.99,64.04
2026-04-18 08:25:07,ESP8266_Node_1,23.7,67.17
2026-04-18 08:30:07,ESP8266_Node_1,23.15,65.36
2026-04-18 08:35:07,ESP8266_Node_1,22.56,66.89
2026-04-18 08:40:07,ESP8266_Node_1,22.78,65.8
2026-04-18 08:45:07,ESP8266_Node_1,23.18,63.28
2026-04-18 08:50:07,ESP8266_Node_1,15.04,63.27
2026-04-18 08:55:07,ESP8266_Node_1,23.73,64.03
2026-04-18 09:00:07,ESP8266_Node_1,23.85,66.24
2026-04-18 09:05:07,ESP8266_Node_1,23.8,62.84
2026-04-18 09:10:07,ESP8266_Node_1,23.41,62.63
2026-04-18 09:15:07,ESP8266_Node_1,23.11,62.67
2026-04-18 09:20:07,ESP8266_Node_1,24.78,63.42
2026-04-18 09:25:07,ESP8266_Node_1,23.59,64.54
2026-04-18 09:30:07,ESP8266_Node_1,24.86,63.25
2026-04-18 09:35:07,ESP8266_Node_1,23.95,61.88
2026-04-18 09:40:07,ESP8266_Node_1,24.38,61.76
2026-04-18 09:45:07,ESP8266_Node_1,25.15,58.69
2026-04-18 09:50:07,ESP8266_Node_1,25.46,59.99
2026-04-18 09:55:07,ESP8266_Node_1,24.39,61.11
2026-04-18 10:00:07,ESP8266_Node_1,25.97,62.81
2026-04-18 10:05:07,ESP8266_Node_1,24.48,57.48
2026-04-18 10:10:07,ESP8266_Node_1,24.94,57.95
2026-04-18 10:15:07,ESP8266_Node_1,25.59,59.29
2026-04-18 10:20:07,ESP8266_Node_1,26.07,63.68
2026-04-18 10:25:07,ESP8266_Node_1,24.71,58.29
2026-04-18 10:30:07,ESP8266_Node_1,25.69,58.58
2026-04-18 10:35:07,ESP8266_Node_1,25.42,56.4
2026-04-18 10:40:07,ESP8266_Node_1,25.64,57.13
2026-04-18 10:45:07,ESP8266_Node_1,25.65,54.99
2026-04-18 10:50:07,ESP8266_Node_1,26.4,60.33
2026-04-18 10:55:07,ESP8266_Node_1,25.55,56.53
2026-04-18 11:00:07,ESP8266_Node_1,26.57,57.6
2026-04-18 11:05:07,ESP8266_Node_1,26.57,55.18
2026-04-18 11:10:07,ESP8266_Node_1,36.51,57.88
2026-04-18 11:15:07,ESP8266_Node_1,26.21,52.38
2026-04-18 11:20:07,ESP8266_Node_1,25.95,55.65
2026-04-18 11:25:07,ESP8266_Node_1,26.97,55.37
2026-04-18 11:30:07,ESP8266_Node_1,26.4,54.41
2026-04-18 11:35:07,ESP8266_Node_1,26.84,54.67
2026-04-18 11:40:07,ESP8266_Node_1,26.85,80.19
2026-04-18 11:45:07,ESP8266_Node_1,27.12,52.81
2026-04-18 11:50:07,ESP8266_Node_1,27.22,52.53
2026-04-18 11:55:07,ESP8266_Node_1,26.6,52.31
2026-04-18 12:00:07,ESP8266_Node_1,27.39,51.44
2026-04-18 12:05:07,ESP8266_Node_1,26.84,55.71
2026-04-18 12:10:07,ESP8266_Node_1,27.77,52.21
2026-04-18 12:15:07,ESP8266_Node_1,28.69,51.5
2026-04-18 12:20:07,ESP8266_Node_1,26.95,52.84
2026-04-18 12:25:07,ESP8266_Node_1,28.42,52.2
2026-04-18 12:30:07,ESP8266_Node_1,28.03,48.18
2026-04-18 12:35:07,ESP8266_Node_1,28.36,52.63
2026-04-18 12:40:07,ESP8266_Node_1,28.08,52.59
2026-04-18 12:45:07,ESP8266_Node_1,28.53,49.45
2026-04-18 12:50:07,ESP8266_Node_1,28.4,49.05
2026-04-18 12:55:07,ESP8266_Node_1,28.17,49.43
2026-04-18 13:00:07,ESP8266_Node_1,28.42,53.14
2026-04-18 13:05:07,ESP8266_Node_1,28.24,50.21
2026-04-18 13:10:07,ESP8266_Node_1,29.16,49.29
2026-04-18 13:15:07,ESP8266_Node_1,28.36,48.43
2026-04-18 13:20:07,ESP8266_Node_1,29.17,49.82
2026-04-18 13:25:07,ESP8266_Node_1,28.44,46.44
2026-04-18 13:30:07,ESP8266_Node_1,29.04,48.72
2026-04-18 13:35:07,ESP8266_Node_1,29.43,46.6
2026-04-18 13:40:07,ESP8266_Node_1,28.81,45.3
2026-04-18 13:45:07,ESP8266_Node_1,29.61,44.11
2026-04-18 13:50:07,ESP8266_Node_1,30.75,47.93
2026-04-18 13:55:07,ESP8266_Node_1,29.07,47.28
2026-04-18 14:00:07,ESP8266_Node_1,28.67,46.95
2026-04-18 14:05:07,ESP8266_Node_1,29.92,47.57
2026-04-18 14:10:07,ESP8266_Node_1,28.52,45.93
2026-04-18 14:15:07,ESP8266_Node_1,29.22,48.87
2026-04-18 14:20:07,ESP8266_Node_1,30.13,47.92
2026-04-18 14:25:07,ESP8266_Node_1,29.45,42.91
2026-04-18 14:30:07,ESP8266_Node_1,30.58,47.61
2026-04-18 14:35:07,ESP8266_Node_1,29.67,49.5
2026-04-18 14:40:07,ESP8266_Node_1,30.07,46.92
2026-04-18 14:45:07,ESP8266_Node_1,29.15,46.86
2026-04-18 14:50:07,ESP8266_Node_1,30.13,43.06
2026-04-18 14:55:07,ESP8266_Node_1,30.35,44.44
2026-04-18 15:00:07,ESP8266_Node_1,21.81,45.8
2026-04-18 15:05:07,ESP8266_Node_1,30.06,45.5
2026-04-18 15:10:07,ESP8266_Node_1,29.66,44.6
2026-04-18 15:15:07,ESP8266_Node_1,30.16,46.44
2026-04-18 15:20:07,ESP8266_Node_1,29.8,42.93
2026-04-18 15:25:07,ESP8266_Node_1,29.56,42.21
2026-04-18 15:30:07,ESP8266_Node_1,30.14,44.97
2026-04-18 15:35:07,ESP8266_Node_1,28.69,45.18
2026-04-18 15:40:07,ESP8266_Node_1,30.13,44.29
2026-04-18 15:45:07,ESP8266_Node_1,30.11,43.9
2026-04-18 15:50:07,ESP8266_Node_1,30.25,44.16
2026-04-18 15:55:07,ESP8266_Node_1,29.1,44.74
2026-04-18 16:00:07,ESP8266_Node_1,30.08,46.21
2026-04-18 16:05:07,ESP8266_Node_1,29.6,22.01
2026-04-18 16:10:07,ESP8266_Node_1,29.54,45.02
2026-04-18 16:15:07,ESP8266_Node_1,30.73,43.18
2026-04-18 16:20:07,ESP8266_Node_1,30.12,45.77
2026-04-18 16:25:07,ESP8266_Node_1,28.81,43.3
2026-04-18 16:30:07,ESP8266_Node_1,30.21,46.46
2026-04-18 16:35:07,ESP8266_Node_1,30.41,43.51
2026-04-18 16:40:07,ESP8266_Node_1,29.74,45.74
2026-04-18 16:45:07,ESP8266_Node_1,29.98,44.72
2026-04-18 16:50:07,ESP8266_Node_1,29.74,45.91
2026-04-18 16:55:07,ESP8266_Node_1,30.26,43.09
2026-04-18 17:00:07,ESP8266_Node_1,29.72,44.45
2026-04-18 17:05:07,ESP8266_Node_1,30.2,45.11
2026-04-18 17:10:07,ESP8266_Node_1,29.69,45.11
2026-04-18 17:15:07,ESP8266_Node_1,29.34,42.92
2026-04-18 17:20:07,ESP8266_Node_1,30.3,44.08
2026-04-18 17:25:07,ESP8266_Node_1,28.46,46.27
2026-04-18 17:30:07,ESP8266_Node_1,29.11,43.08
2026-04-18 17:35:07,ESP8266_Node_1,29.43,45.94
2026-04-18 17:40:07,ESP8266_Node_1,29.25,47.73
2026-04-18 17:45:07,ESP8266_Node_1,29.88,46.1
2026-04-18 17:50:07,ESP8266_Node_1,29.94,47.26
2026-04-18 17:55:07,ESP8266_Node_1,29.82,46.77
2026-04-18 18:00:07,ESP8266_Node_1,29.06,47.07
2026-04-18 18:05:07,ESP8266_Node_1,28.19,46.65
2026-04-18 18:10:07,ESP8266_Node_1,29.95,48.58
2026-04-18 18:15:07,ESP8266_Node_1,29.84,49.11
2026-04-18 18:20:07,ESP8266_Node_1,29.2,48.4
2026-04-18 18:25:07,ESP8266_Node_1,29.46,48.84
2026-04-18 18:30:07,ESP8266_Node_1,28.58,49.64
2026-04-18 18:35:07,ESP8266_Node_1,29.13,47.84
2026-04-18 18:40:07,ESP8266_Node_1,28.94,48.83
2026-04-18 18:45:07,ESP8266_Node_1,29.31,45.79
2026-04-18 18:50:07,ESP8266_Node_1,27.96,48.65
2026-04-18 18:55:07,ESP8266_Node_1,28.66,48.74
2026-04-18 19:00:07,ESP8266_Node_1,28.16,46.81
2026-04-18 19:05:07,ESP8266_Node_1,28.29,48.53
2026-04-18 19:10:07,ESP8266_Node_1,28.18,50.17
2026-04-18 19:15:07,ESP8266_Node_1,28.32,49.86
2026-04-18 19:20:07,ESP8266_Node_1,27.06,50.61
2026-04-18 19:25:07,ESP8266_Node_1,27.65,51.2
2026-04-18 19:30:07,ESP8266_Node_1,28.45,51.41
2026-04-18 19:35:07,ESP8266_Node_1,27.94,52.16
2026-04-18 19:40:07,ESP8266_Node_1,27.28,52.13
2026-04-18 19:45:07,ESP8266_Node_1,19.18,51.19
2026-04-18 19:50:07,ESP8266_Node_1,27.91,50.63
2026-04-18 19:55:07,ESP8266_Node_1,27.28,51.08
2026-04-18 20:00:07,ESP8266_Node_1,27.9,50.91
2026-04-18 20:05:07,ESP8266_Node_1,27.15,53.64
2026-04-18 20:10:07,ESP8266_Node_1,27.47,54.56
2026-04-18 20:15:07,ESP8266_Node_1,27.15,56.05
2026-04-18 20:20:07,ESP8266_Node_1,27.77,54.11
2026-04-18 20:25:07,ESP8266_Node_1,26.39,54.17
2026-04-18 20:30:07,ESP8266_Node_1,26.81,56.05
2026-04-18 20:35:07,ESP8266_Node_1,26.99,54.39
2026-04-18 20:40:07,ESP8266_Node_1,26.66,54.16
2026-04-18 20:45:07,ESP8266_Node_1,26.19,56.31
2026-04-18 20:50:07,ESP8266_Node_1,18.38,53.5
2026-04-18 20:55:07,ESP8266_Node_1,26.52,56.97
2026-04-18 21:00:07,ESP8266_Node_1,26.53,57.32
2026-04-18 21:05:07,ESP8266_Node_1,26.25,55.48
2026-04-18 21:10:07,ESP8266_Node_1,26.11,56.27
2026-04-18 21:15:07,ESP8266_Node_1,26.52,54.76
2026-04-18 21:20:07,ESP8266_Node_1,26.02,59.08
2026-04-18 21:25:07,ESP8266_Node_1,25.91,60.38
2026-04-18 21:30:07,ESP8266_Node_1,26.1,59.13
2026-04-18 21:35:07,ESP8266_Node_1,25.28,59.71
2026-04-18 21:40:07,ESP8266_Node_1,24.34,58.96
2026-04-18 21:45:07,ESP8266_Node_1,25.58,57.06
2026-04-18 21:50:07,ESP8266_Node_1,24.71,57.1
2026-04-18 21:55:07,ESP8266_Node_1,25.04,60.37
2026-04-18 22:00:07,ESP8266_Node_1,25.24,59.32
2026-04-18 22:05:07,ESP8266_Node_1,25.23,62.31
2026-04-18 22:10:07,ESP8266_Node_1,24.64,62.01
2026-04-18 22:15:07,ESP8266_Node_1,25.0,64.37
2026-04-18 22:20:07,ESP8266_Node_1,24.48,61.19
2026-04-18 22:25:07,ESP8266_Node_1,24.15,66.37
2026-04-18 22:30:07,ESP8266_Node_1,23.81,59.48
2026-04-18 22:35:07,ESP8266_Node_1,23.98,63.09
2026-04-18 22:40:07,ESP8266_Node_1,24.51,64.28
2026-04-18 22:45:07,ESP8266_Node_1,23.64,63.7
2026-04-18 22:50:07,ESP8266_Node_1,24.18,65.99
2026-04-18 22:55:07,ESP8266_Node_1,23.76,66.12
2026-04-18 23:00:07,ESP8266_Node_1,22.4,62.54
2026-04-18 23:05:07,ESP8266_Node_1,23.46,64.6
2026-04-18 23:10:07,ESP8266_Node_1,23.13,66.32
2026-04-18 23:15:07,ESP8266_Node_1,23.11,66.35
2026-04-18 23:20:07,ESP8266_Node_1,22.58,65.78
2026-04-18 23:25:07,ESP8266_Node_1,23.4,65.11
2026-04-18 23:30:07,ESP8266_Node_1,22.86,66.87
2026-04-18 23:35:07,ESP8266_Node_1,22.42,64.57
2026-04-18 23:40:07,ESP8266_Node_1,24.15,68.6
2026-04-18 23:45:07,ESP8266_Node_1,22.7,67.87
2026-04-18 23:50:07,ESP8266_Node_1,23.92,64.57
2026-04-18 23:55:07,ESP8266_Node_1,22.34,67.52
2026-04-19 00:00:07,ESP8266_Node_1,22.22,67.81
2026-04-19 00:05:07,ESP8266_Node_1,23.08,66.95
2026-04-19 00:10:07,ESP8266_Node_1,21.56,67.0
2026-04-19 00:15:07,ESP8266_Node_1,22.59,71.14
2026-04-19 00:20:07,ESP8266_Node_1,22.06,69.96
2026-04-19 00:25:07,ESP8266_Node_1,22.47,68.43
2026-04-19 00:30:07,ESP8266_Node_1,21.6,67.48
2026-04-19 00:35:07,ESP8266_Node_1,22.08,69.09
2026-04-19 00:40:07,ESP8266_Node_1,23.02,69.02
2026-04-19 00:45:07,ESP8266_Node_1,22.2,71.37
2026-04-19 00:50:07,ESP8266_Node_1,21.88,69.93
2026-04-19 00:55:07,ESP8266_Node_1,21.59,72.56
2026-04-19 01:00:07,ESP8266_Node_1,22.01,71.94
2026-04-19 01:05:07,ESP8266_Node_1,21.94,69.96
2026-04-19 01:10:07,ESP8266_Node_1,21.41,72.57
2026-04-19 01:15:07,ESP8266_Node_1,21.38,68.76
2026-04-19 01:20:07,ESP8266_Node_1,21.45,72.16
2026-04-19 01:25:07,ESP8266_Node_1,21.22,70.37
2026-04-19 01:30:07,ESP8266_Node_1,20.54,73.43
2026-04-19 01:35:07,ESP8266_Node_1,20.9,71.38
2026-04-19 01:40:07,ESP8266_Node_1,21.09,71.42
2026-04-19 01:45:07,ESP8266_Node_1,20.65,73.98
2026-04-19 01:50:07,ESP8266_Node_1,20.16,72.75
2026-04-19 01:55:07,ESP8266_Node_1,21.05,72.48
2026-04-19 02:00:07,ESP8266_Node_1,21.08,74.94
2026-04-19 02:05:07,ESP8266_Node_1,20.57,73.7
2026-04-19 02:10:07,ESP8266_Node_1,20.21,72.54
2026-04-19 02:15:07,ESP8266_Node_1,20.49,72.87
2026-04-19 02:20:07,ESP8266_Node_1,20.32,73.6
2026-04-19 02:25:07,ESP8266_Node_1,20.67,76.24
2026-04-19 02:30:07,ESP8266_Node_1,20.25,74.16
2026-04-19 02:35:07,ESP8266_Node_1,19.18,48.74
2026-04-19 02:40:07,ESP8266_Node_1,19.8,72.84
2026-04-19 02:45:07,ESP8266_Node_1,20.42,74.25
2026-04-19 02:50:07,ESP8266_Node_1,20.65,73.03
2026-04-19 02:55:07,ESP8266_Node_1,20.09,75.81
2026-04-19 03:00:07,ESP8266_Node_1,19.74,75.3
2026-04-19 03:05:07,ESP8266_Node_1,19.65,72.5
2026-04-19 03:10:07,ESP8266_Node_1,20.75,74.33
2026-04-19 03:15:07,ESP8266_Node_1,20.1,74.73
2026-04-19 03:20:07,ESP8266_Node_1,19.8,75.39
2026-04-19 03:25:07,ESP8266_Node_1,20.18,76.08
2026-04-19 03:30:07,ESP8266_Node_1,20.36,75.07
2026-04-19 03:35:07,ESP8266_Node_1,19.8,76.34
2026-04-19 03:40:07,ESP8266_Node_1,20.14,75.06
2026-04-19 03:45:07,ESP8266_Node_1,20.86,72.02
2026-04-19 03:50:07,ESP8266_Node_1,20.76,76.85
2026-04-19 03:55:07,ESP8266_Node_1,20.03,74.59
2026-04-19 04:00:07,ESP8266_Node_1,19.99,73.71
2026-04-19 04:05:07,ESP8266_Node_1,19.82,75.47
2026-04-19 04:10:07,ESP8266_Node_1,19.98,72.31
2026-04-19 04:15:07,ESP8266_Node_1,19.89,75.95
2026-04-19 04:20:07,ESP8266_Node_1,20.78,74.34
2026-04-19 04:25:07,ESP8266_Node_1,20.2,78.73
2026-04-19 04:30:07,ESP8266_Node_1,19.83,73.16
2026-04-19 04:35:07,ESP8266_Node_1,20.78,76.44
2026-04-19 04:40:07,ESP8266_Node_1,20.91,69.68
2026-04-19 04:45:07,ESP8266_Node_1,19.61,77.2
2026-04-19 04:50:07,ESP8266_Node_1,21.3,75.5
2026-04-19 04:55:07,ESP8266_Node_1,19.7,74.58
2026-04-19 05:00:07,ESP8266_Node_1,19.79,75.0
2026-04-19 05:05:07,ESP8266_Node_1,20.04,74.49
2026-04-19 05:10:07,ESP8266_Node_1,19.74,74.04
2026-04-19 05:15:07,ESP8266_Node_1,19.2,74.48
2026-04-19 05:20:07,ESP8266_Node_1,20.54,75.06
2026-04-19 05:25:07,ESP8266_Node_1,20.04,73.84
2026-04-19 05:30:07,ESP8266_Node_1,20.71,72.63
2026-04-19 05:35:07,ESP8266_Node_1,20.33,73.59
2026-04-19 05:40:07,ESP8266_Node_1,21.07,75.05
2026-04-19 05:45:07,ESP8266_Node_1,20.8,74.45
2026-04-19 05:50:07,ESP8266_Node_1,19.78,71.94
2026-04-19 05:55:07,ESP8266_Node_1,21.22,71.33
2026-04-19 06:00:07,ESP8266_Node_1,21.71,73.54
2026-04-19 06:05:07,ESP8266_Node_1,21.55,72.65
2026-04-19 06:10:07,ESP8266_Node_1,20.71,71.3
2026-04-19 06:15:07,ESP8266_Node_1,20.58,72.66
2026-04-19 06:20:07,ESP8266_Node_1,20.36,70.33
2026-04-19 06:25:07,ESP8266_Node_1,21.37,73.14
2026-04-19 06:30:07,ESP8266_Node_1,20.91,72.01
2026-04-19 06:35:07,ESP8266_Node_1,21.32,72.81
2026-04-19 06:40:07,ESP8266_Node_1,20.83,74.06
2026-04-19 06:45:07,ESP8266_Node_1,20.55,72.4
2026-04-19 06:50:07,ESP8266_Node_1,21.05,66.48
2026-04-19 06:55:07,ESP8266_Node_1,21.81,69.64
2026-04-19 07:00:07,ESP8266_Node_1,21.08,72.43
2026-04-19 07:05:07,ESP8266_Node_1,22.33,73.0
2026-04-19 07:10:07,ESP8266_Node_1,21.16,67.74
2026-04-19 07:15:07,ESP8266_Node_1,20.83,67.92
2026-04-19 07:20:07,ESP8266_Node_1,21.65,69.67
2026-04-19 07:25:07,ESP8266_Node_1,21.79,70.52
2026-04-19 07:30:07,ESP8266_Node_1,21.36,71.4
2026-04-19 07:35:07,ESP8266_Node_1,22.26,69.03
2026-04-19 07:40:07,ESP8266_Node_1,23.25,69.16
2026-04-19 07:45:07,ESP8266_Node_1,22.37,70.01
2026-04-19 07:50:07,ESP8266_Node_1,22.32,69.94
2026-04-19 07:55:07,ESP8266_Node_1,22.91,67.62
2026-04-19 08:00:07,ESP8266_Node_1,22.18,67.52
2026-04-19 08:05:07,ESP8266_Node_1,22.26,65.73
2026-04-19 08:10:07,ESP8266_Node_1,22.54,67.36
2026-04-19 08:15:07,ESP8266_Node_1,23.12,66.35
2026-04-19 08:20:07,ESP8266_Node_1,23.06,65.05
2026-04-19 08:25:07,ESP8266_Node_1,23.25,66.82
2026-04-19 08:30:07,ESP8266_Node_1,21.93,65.9
2026-04-19 08:35:07,ESP8266_Node_1,23.83,63.46
2026-04-19 08:40:07,ESP8266_Node_1,22.91,63.36
2026-04-19 08:45:07,ESP8266_Node_1,23.09,62.98
2026-04-19 08:50:07,ESP8266_Node_1,23.73,64.93
2026-04-19 08:55:07,ESP8266_Node_1,23.89,65.47
2026-04-19 09:00:07,ESP8266_Node_1,24.01,64.15
2026-04-19 09:05:07,ESP8266_Node_1,24.15,60.98
2026-04-19 09:10:07,ESP8266_Node_1,23.84,63.75
2026-04-19 09:15:07,ESP8266_Node_1,23.48,62.53
2026-04-19 09:20:07,ESP8266_Node_1,24.33,63.89
2026-04-19 09:25:07,ESP8266_Node_1,23.27,63.06
2026-04-19 09:30:07,ESP8266_Node_1,24.27,63.94
2026-04-19 09:35:07,ESP8266_Node_1,24.85,60.62
2026-04-19 09:40:07,ESP8266_Node_1,25.34,61.59
2026-04-19 09:45:07,ESP8266_Node_1,24.95,60.45
2026-04-19 09:50:07,ESP8266_Node_1,25.02,60.31
2026-04-19 09:55:07,ESP8266_Node_1,24.98,61.42
2026-04-19 10:00:07,ESP8266_Node_1,24.81,62.09
2026-04-19 10:05:07,ESP8266_Node_1,24.65,58.72
2026-04-19 10:10:07,ESP8266_Node_1,24.59,57.6
2026-04-19 10:15:07,ESP8266_Node_1,25.48,58.06
2026-04-19 10:20:07,ESP8266_Node_1,25.83,60.67
2026-04-19 10:25:07,ESP8266_Node_1,25.48,60.71
2026-04-19 10:30:07,ESP8266_Node_1,25.46,55.63
2026-04-19 10:35:07,ESP8266_Node_1,26.79,57.29
2026-04-19 10:40:07,ESP8266_Node_1,26.55,54.89
2026-04-19 10:45:07,ESP8266_Node_1,25.16,55.98
2026-04-19 10:50:07,ESP8266_Node_1,26.71,56.88
2026-04-19 10:55:07,ESP8266_Node_1,26.2,55.79
2026-04-19 11:00:07,ESP8266_Node_1,27.36,52.99
2026-04-19 11:05:07,ESP8266_Node_1,26.47,57.86
2026-04-19 11:10:07,ESP8266_Node_1,26.98,57.22
2026-04-19 11:15:07,ESP8266_Node_1,25.8,57.78
2026-04-19 11:20:07,ESP8266_Node_1,25.62,53.49
2026-04-19 11:25:07,ESP8266_Node_1,27.55,54.12
2026-04-19 11:30:07,ESP8266_Node_1,26.33,50.44
2026-04-19 11:35:07,ESP8266_Node_1,27.49,53.8
2026-04-19 11:40:07,ESP8266_Node_1,41.54,53.7
2026-04-19 11:45:07,ESP8266_Node_1,26.79,53.02
2026-04-19 11:50:07,ESP8266_Node_1,27.69,53.28
2026-04-19 11:55:07,ESP8266_Node_1,27.32,53.13
2026-04-19 12:00:07,ESP8266_Node_1,26.86,52.37
2026-04-19 12:05:07,ESP8266_Node_1,28.21,54.01
2026-04-19 12:10:07,ESP8266_Node_1,27.3,49.84
2026-04-19 12:15:07,ESP8266_Node_1,28.44,51.38
2026-04-19 12:20:07,ESP8266_Node_1,27.28,49.83
2026-04-19 12:25:07,ESP8266_Node_1,28.55,51.72
2026-04-19 12:30:07,ESP8266_Node_1,27.1,51.55
2026-04-19 12:35:07,ESP8266_Node_1,28.88,50.78
2026-04-19 12:40:07,ESP8266_Node_1,28.27,50.51
2026-04-19 12:45:07,ESP8266_Node_1,28.62,49.94
2026-04-19 12:50:07,ESP8266_Node_1,29.55,49.82
2026-04-19 12:55:07,ESP8266_Node_1,28.74,51.62
2026-04-19 13:00:07,ESP8266_Node_1,28.17,47.64
2026-04-19 13:05:07,ESP8266_Node_1,28.89,51.56
2026-04-19 13:10:07,ESP8266_Node_1,29.06,50.35
2026-04-19 13:15:07,ESP8266_Node_1,29.4,48.97
2026-04-19 13:20:07,ESP8266_Node_1,28.79,47.78
2026-04-19 13:25:07,ESP8266_Node_1,28.98,49.76
2026-04-19 13:30:07,ESP8266_Node_1,28.82,50.02
2026-04-19 13:35:07,ESP8266_Node_1,29.56,47.47
2026-04-19 13:40:07,ESP8266_Node_1,29.11,46.8
2026-04-19 13:45:07,ESP8266_Node_1,28.44,47.7
2026-04-19 13:50:07,ESP8266_Node_1,29.04,49.25
2026-04-19 13:55:07,ESP8266_Node_1,29.03,46.76
2026-04-19 14:00:07,ESP8266_Node_1,29.62,46.09
2026-04-19 14:05:07,ESP8266_Node_1,29.96,44.45
2026-04-19 14:10:07,ESP8266_Node_1,29.61,46.89
2026-04-19 14:15:07,ESP8266_Node_1,29.23,47.59
2026-04-19 14:20:07,ESP8266_Node_1,29.7,46.85
2026-04-19 14:25:07,ESP8266_Node_1,30.04,46.45
2026-04-19 14:30:07,ESP8266_Node_1,29.03,46.05
2026-04-19 14:35:07,ESP8266_Node_1,30.53,45.34
2026-04-19 14:40:07,ESP8266_Node_1,29.29,44.55
2026-04-19 14:45:07,ESP8266_Node_1,30.84,47.81
2026-04-19 14:50:07,ESP8266_Node_1,30.26,45.1
2026-04-19 14:55:07,ESP8266_Node_1,29.38,45.83
2026-04-19 15:00:07,ESP8266_Node_1,29.92,45.23
2026-04-19 15:05:07,ESP8266_Node_1,29.58,44.99
2026-04-19 15:10:07,ESP8266_Node_1,29.6,46.88
2026-04-19 15:15:07,ESP8266_Node_1,28.83,44.27
2026-04-19 15:20:07,ESP8266_Node_1,30.17,46.26
2026-04-19 15:25:07,ESP8266_Node_1,29.6,45.69
2026-04-19 15:30:07,ESP8266_Node_1,30.31,45.55
2026-04-19 15:35:07,ESP8266_Node_1,29.94,43.86
2026-04-19 15:40:07,ESP8266_Node_1,30.15,45.07
2026-04-19 15:45:07,ESP8266_Node_1,29.75,44.16
2026-04-19 15:50:07,ESP8266_Node_1,30.52,42.44
2026-04-19 15:55:07,ESP8266_Node_1,30.35,44.22
2026-04-19 16:00:07,ESP8266_Node_1,30.02,47.12
2026-04-19 16:05:07,ESP8266_Node_1,29.48,46.02
2026-04-19 16:10:07,ESP8266_Node_1,29.18,47.6
2026-04-19 16:15:07,ESP8266_Node_1,29.41,43.8
2026-04-19 16:20:07,ESP8266_Node_1,29.71,43.15
2026-04-19 16:25:07,ESP8266_Node_1,29.11,45.2
2026-04-19 16:30:07,ESP8266_Node_1,29.4,45.65
2026-04-19 16:35:07,ESP8266_Node_1,29.76,42.53
2026-04-19 16:40:07,ESP8266_Node_1,30.4,45.83
2026-04-19 16:45:07,ESP8266_Node_1,29.7,43.55
2026-04-19 16:50:07,ESP8266_Node_1,30.25,42.91
2026-04-19 16:55:07,ESP8266_Node_1,29.97,45.11
2026-04-19 17:00:07,ESP8266_Node_1,30.59,41.68
2026-04-19 17:05:07,ESP8266_Node_1,29.69,46.0
2026-04-19 17:10:07,ESP8266_Node_1,30.64,44.55
2026-04-19 17:15:07,ESP8266_Node_1,29.77,48.21
2026-04-19 17:20:07,ESP8266_Node_1,29.51,47.99
2026-04-19 17:25:07,ESP8266_Node_1,29.13,47.91
2026-04-19 17:30:07,ESP8266_Node_1,29.92,47.11
2026-04-19 17:35:07,ESP8266_Node_1,29.9,46.46
2026-04-19 17:40:07,ESP8266_Node_1,28.22,45.06
2026-04-19 17:45:07,ESP8266_Node_1,29.32,47.9
2026-04-19 17:50:07,ESP8266_Node_1,30.37,46.69
2026-04-19 17:55:07,ESP8266_Node_1,29.48,46.54
2026-04-19 18:00:07,ESP8266_Node_1,29.25,48.2
2026-04-19 18:05:07,ESP8266_Node_1,29.72,46.57
2026-04-19 18:10:07,ESP8266_Node_1,29.01,47.62
2026-04-19 18:15:07,ESP8266_Node_1,29.48,46.0
2026-04-19 18:20:07,ESP8266_Node_1,29.61,47.11
2026-04-19 18:25:07,ESP8266_Node_1,28.78,48.5
2026-04-19 18:30:07,ESP8266_Node_1,28.63,49.96
2026-04-19 18:35:07,ESP8266_Node_1,29.2,47.28
2026-04-19 18:40:07,ESP8266_Node_1,29.62,50.71
2026-04-19 18:45:07,ESP8266_Node_1,28.45,47.73
2026-04-19 18:50:07,ESP8266_Node_1,29.05,47.64
2026-04-19 18:55:07,ESP8266_Node_1,28.23,45.28
2026-04-19 19:00:07,ESP8266_Node_1,28.14,47.51
2026-04-19 19:05:07,ESP8266_Node_1,28.91,48.23
2026-04-19 19:10:07,ESP8266_Node_1,27.71,50.62
2026-04-19 19:15:07,ESP8266_Node_1,28.57,50.18
2026-04-19 19:20:07,ESP8266_Node_1,27.98,48.09
2026-04-19 19:25:07,ESP8266_Node_1,28.26,51.48
2026-04-19 19:30:07,ESP8266_Node_1,28.01,52.02
2026-04-19 19:35:07,ESP8266_Node_1,28.03,48.87
2026-04-19 19:40:07,ESP8266_Node_1,26.91,52.11
2026-04-19 19:45:07,ESP8266_Node_1,28.12,48.23
2026-04-19 19:50:07,ESP8266_Node_1,27.71,50.58
2026-04-19 19:55:07,ESP8266_Node_1,27.28,50.84
2026-04-19 20:00:07,ESP8266_Node_1,26.59,51.48
2026-04-19 20:05:07,ESP8266_Node_1,27.69,55.12
2026-04-19 20:10:07,ESP8266_Node_1,27.61,54.44
2026-04-19 20:15:07,ESP8266_Node_1,27.58,53.89
2026-04-19 20:20:07,ESP8266_Node_1,26.59,55.04
2026-04-19 20:25:07,ESP8266_Node_1,26.9,55.19
2026-04-19 20:30:07,ESP8266_Node_1,26.84,55.62
2026-04-19 20:35:07,ESP8266_Node_1,27.27,56.72
2026-04-19 20:40:07,ESP8266_Node_1,27.17,54.54
2026-04-19 20:45:07,ESP8266_Node_1,26.84,53.94
2026-04-19 20:50:07,ESP8266_Node_1,26.08,50.52
2026-04-19 20:55:07,ESP8266_Node_1,26.8,55.78
2026-04-19 21:00:07,ESP8266_Node_1,27.49,55.14
2026-04-19 21:05:07,ESP8266_Node_1,26.21,56.48
2026-04-19 21:10:07,ESP8266_Node_1,26.22,57.77
2026-04-19 21:15:07,ESP8266_Node_1,26.04,58.08
2026-04-19 21:20:07,ESP8266_Node_1,25.64,57.18
2026-04-19 21:25:07,ESP8266_Node_1,26.15,54.65
2026-04-19 21:30:07,ESP8266_Node_1,25.67,58.85
2026-04-19 21:35:07,ESP8266_Node_1,26.04,58.57
2026-04-19 21:40:07,ESP8266_Node_1,25.96,57.59
2026-04-19 21:45:07,ESP8266_Node_1,24.48,60.61
2026-04-19 21:50:07,ESP8266_Node_1,24.9,59.46
2026-04-19 21:55:07,ESP8266_Node_1,25.97,59.71
2026-04-19 22:00:07,ESP8266_Node_1,24.54,61.07
2026-04-19 22:05:07,ESP8266_Node_1,24.8,60.8
2026-04-19 22:10:07,ESP8266_Node_1,24.87,57.81
2026-04-19 22:15:07,ESP8266_Node_1,24.14,62.96
2026-04-19 22:20:07,ESP8266_Node_1,23.89,61.16
2026-04-19 22:25:07,ESP8266_Node_1,24.81,61.4
2026-04-19 22:30:07,ESP8266_Node_1,24.86,62.83
2026-04-19 22:35:07,ESP8266_Node_1,23.74,62.79
2026-04-19 22:40:07,ESP8266_Node_1,24.83,62.32
2026-04-19 22:45:07,ESP8266_Node_1,25.01,62.94
2026-04-19 22:50:07,ESP8266_Node_1,24.22,62.21
2026-04-19 22:55:07,ESP8266_Node_1,24.04,62.75
2026-04-19 23:00:07,ESP8266_Node_1,23.77,62.58
2026-04-19 23:05:07,ESP8266_Node_1,23.77,64.01
2026-04-19 23:10:07,ESP8266_Node_1,23.53,65.27
2026-04-19 23:15:07,ESP8266_Node_1,23.47,65.82
2026-04-19 23:20:07,ESP8266_Node_1,23.84,64.72
2026-04-19 23:25:07,ESP8266_Node_1,23.46,65.1
2026-04-19 23:30:07,ESP8266_Node_1,23.74,65.37
2026-04-19 23:35:07,ESP8266_Node_1,23.82,67.09
2026-04-19 23:40:07,ESP8266_Node_1,22.66,68.76
2026-04-19 23:45:07,ESP8266_Node_1,23.05,67.5
2026-04-19 23:50:07,ESP8266_Node_1,22.38,64.15
2026-04-19 23:55:07,ESP8266_Node_1,22.38,67.43
2026-04-20 00:00:07,ESP8266_Node_1,22.05,66.52
2026-04-20 00:05:07,ESP8266_Node_1,31.94,69.55
2026-04-20 00:10:07,ESP8266_Node_1,22.55,69.44
2026-04-20 00:15:07,ESP8266_Node_1,22.09,69.08
2026-04-20 00:20:07,ESP8266_Node_1,21.65,67.04
2026-04-20 00:25:07,ESP8266_Node_1,22.45,66.29
2026-04-20 00:30:07,ESP8266_Node_1,21.91,69.02
2026-04-20 00:35:07,ESP8266_Node_1,22.89,69.35
2026-04-20 00:40:07,ESP8266_Node_1,21.41,71.57
2026-04-20 00:45:07,ESP8266_Node_1,21.89,68.16
2026-04-20 00:50:07,ESP8266_Node_1,21.69,69.19
2026-04-20 00:55:07,ESP8266_Node_1,22.06,68.97
2026-04-20 01:00:07,ESP8266_Node_1,21.87,71.4
2026-04-20 01:05:07,ESP8266_Node_1,22.52,70.57
2026-04-20 01:10:07,ESP8266_Node_1,21.51,69.3
2026-04-20 01:15:07,ESP8266_Node_1,21.68,73.08
2026-04-20 01:20:07,ESP8266_Node_1,20.56,69.72
2026-04-20 01:25:07,ESP8266_Node_1,21.15,70.06
2026-04-20 01:30:07,ESP8266_Node_1,20.69,73.13
2026-04-20 01:35:07,ESP8266_Node_1,20.6,72.9
2026-04-20 01:40:07,ESP8266_Node_1,20.47,70.28
2026-04-20 01:45:07,ESP8266_Node_1,20.32,76.08
2026-04-20 01:50:07,ESP8266_Node_1,21.04,74.12
2026-04-20 01:55:07,ESP8266_Node_1,21.25,73.58
2026-04-20 02:00:07,ESP8266_Node_1,21.49,73.86
2026-04-20 02:05:07,ESP8266_Node_1,20.08,71.98
2026-04-20 02:10:07,ESP8266_Node_1,20.18,73.12
2026-04-20 02:15:07,ESP8266_Node_1,21.16,73.93
2026-04-20 02:20:07,ESP8266_Node_1,20.87,72.65
2026-04-20 02:25:07,ESP8266_Node_1,21.66,75.18
2026-04-20 02:30:07,ESP8266_Node_1,20.59,73.94
2026-04-20 02:35:07,ESP8266_Node_1,19.91,72.61
2026-04-20 02:40:07,ESP8266_Node_1,20.07,75.5
2026-04-20 02:45:07,ESP8266_Node_1,19.86,72.76
2026-04-20 02:50:07,ESP8266_Node_1,20.4,75.29
2026-04-20 02:55:07,ESP8266_Node_1,20.09,76.04
2026-04-20 03:00:07,ESP8266_Node_1,19.89,74.94
2026-04-20 03:05:07,ESP8266_Node_1,20.31,74.19
2026-04-20 03:10:07,ESP8266_Node_1,20.28,71.73
2026-04-20 03:15:07,ESP8266_Node_1,19.8,75.09
2026-04-20 03:20:07,ESP8266_Node_1,20.87,73.94
2026-04-20 03:25:07,ESP8266_Node_1,20.2,73.85
2026-04-20 03:30:07,ESP8266_Node_1,20.17,74.62
2026-04-20 03:35:07,ESP8266_Node_1,20.49,75.66
2026-04-20 03:40:07,ESP8266_Node_1,19.91,74.57
2026-04-20 03:45:07,ESP8266_Node_1,19.7,74.65
2026-04-20 03:50:07,ESP8266_Node_1,19.06,74.6
2026-04-20 03:55:07,ESP8266_Node_1,19.99,74.07
2026-04-20 04:00:07,ESP8266_Node_1,20.05,73.42
2026-04-20 04:05:07,ESP8266_Node_1,20.23,73.1
2026-04-20 04:10:07,ESP8266_Node_1,19.83,76.61
2026-04-20 04:15:07,ESP8266_Node_1,19.69,73.47
2026-04-20 04:20:07,ESP8266_Node_1,19.98,75.01
2026-04-20 04:25:07,ESP8266_Node_1,20.66,76.88
2026-04-20 04:30:07,ESP8266_Node_1,20.26,76.89
2026-04-20 04:35:07,ESP8266_Node_1,20.63,75.47
2026-04-20 04:40:07,ESP8266_Node_1,19.05,75.87
2026-04-20 04:45:07,ESP8266_Node_1,20.67,73.63
2026-04-20 04:50:07,ESP8266_Node_1,19.48,76.32
2026-04-20 04:55:07,ESP8266_Node_1,20.81,76.2
2026-04-20 05:00:07,ESP8266_Node_1,20.3,72.68
2026-04-20 05:05:07,ESP8266_Node_1,20.29,75.41
2026-04-20 05:10:07,ESP8266_Node_1,19.87,74.91
2026-04-20 05:15:07,ESP8266_Node_1,20.04,71.79
2026-04-20 05:20:07,ESP8266_Node_1,20.62,77.62
2026-04-20 05:25:07,ESP8266_Node_1,20.1,73.52
2026-04-20 05:30:07,ESP8266_Node_1,20.96,73.78
2026-04-20 05:35:07,ESP8266_Node_1,19.41,74.05
2026-04-20 05:40:07,ESP8266_Node_1,20.11,73.62
2026-04-20 05:45:07,ESP8266_Node_1,20.42,73.63
2026-04-20 05:50:07,ESP8266_Node_1,20.86,72.46
2026-04-20 05:55:07,ESP8266_Node_1,21.0,74.25
2026-04-20 06:00:07,ESP8266_Node_1,21.01,71.23
2026-04-20 06:05:07,ESP8266_Node_1,21.39,75.96
2026-04-20 06:10:07,ESP8266_Node_1,20.6,75.2
2026-04-20 06:15:07,ESP8266_Node_1,20.54,70.71
2026-04-20 06:20:07,ESP8266_Node_1,21.25,72.19
2026-04-20 06:25:07,ESP8266_Node_1,21.48,73.8
2026-04-20 06:30:07,ESP8266_Node_1,20.76,72.92
2026-04-20 06:35:07,ESP8266_Node_1,20.79,71.68
2026-04-20 06:40:07,ESP8266_Node_1,20.83,72.67
2026-04-20 06:45:07,ESP8266_Node_1,20.49,72.2
2026-04-20 06:50:07,ESP8266_Node_1,20.64,74.3
2026-04-20 06:55:07,ESP8266_Node_1,21.16,72.35
2026-04-20 07:00:07,ESP8266_Node_1,22.52,74.65
2026-04-20 07:05:07,ESP8266_Node_1,22.21,72.13
2026-04-20 07:10:07,ESP8266_Node_1,20.93,70.87
2026-04-20 07:15:07,ESP8266_Node_1,21.38,70.21
2026-04-20 07:20:07,ESP8266_Node_1,22.36,66.7
2026-04-20 07:25:07,ESP8266_Node_1,21.06,68.62
2026-04-20 07:30:07,ESP8266_Node_1,37.7,68.65
2026-04-20 07:35:07,ESP8266_Node_1,21.64,69.51
2026-04-20 07:40:07,ESP8266_Node_1,21.57,68.23
2026-04-20 07:45:07,ESP8266_Node_1,22.35,43.71
2026-04-20 07:50:07,ESP8266_Node_1,21.92,68.62
2026-04-20 07:55:07,ESP8266_Node_1,21.99,69.65
2026-04-20 08:00:07,ESP8266_Node_1,22.83,71.52
2026-04-20 08:05:07,ESP8266_Node_1,36.84,66.4
2026-04-20 08:10:07,ESP8266_Node_1,22.21,68.19
2026-04-20 08:15:07,ESP8266_Node_1,23.83,69.19
2026-04-20 08:20:07,ESP8266_Node_1,22.99,69.58
2026-04-20 08:25:07,ESP8266_Node_1,23.22,66.32
2026-04-20 08:30:07,ESP8266_Node_1,22.6,66.69
2026-04-20 08:35:07,ESP8266_Node_1,22.98,66.92
2026-04-20 08:40:07,ESP8266_Node_1,23.14,67.65
2026-04-20 08:45:07,ESP8266_Node_1,23.33,64.28
2026-04-20 08:50:07,ESP8266_Node_1,22.9,65.61
2026-04-20 08:55:07,ESP8266_Node_1,23.26,65.87
2026-04-20 09:00:07,ESP8266_Node_1,23.99,64.37
2026-04-20 09:05:07,ESP8266_Node_1,23.79,62.97
2026-04-20 09:10:07,ESP8266_Node_1,24.35,66.85
2026-04-20 09:15:07,ESP8266_Node_1,22.97,61.99
2026-04-20 09:20:07,ESP8266_Node_1,23.73,60.35
2026-04-20 09:25:07,ESP8266_Node_1,23.73,61.92
2026-04-20 09:30:07,ESP8266_Node_1,24.96,63.82
2026-04-20 09:35:07,ESP8266_Node_1,24.09,62.06
2026-04-20 09:40:07,ESP8266_Node_1,24.86,60.8
2026-04-20 09:45:07,ESP8266_Node_1,25.11,61.37
2026-04-20 09:50:07,ESP8266_Node_1,25.09,61.52
2026-04-20 09:55:07,ESP8266_Node_1,24.48,57.76
2026-04-20 10:00:07,ESP8266_Node_1,25.5,58.75
2026-04-20 10:05:07,ESP8266_Node_1,24.91,58.69
2026-04-20 10:10:07,ESP8266_Node_1,25.28,58.4
2026-04-20 10:15:07,ESP8266_Node_1,26.11,57.56
2026-04-20 10:20:07,ESP8266_Node_1,25.88,57.46
2026-04-20 10:25:07,ESP8266_Node_1,24.69,57.72
2026-04-20 10:30:07,ESP8266_Node_1,25.73,57.82
2026-04-20 10:35:07,ESP8266_Node_1,24.59,57.72
2026-04-20 10:40:07,ESP8266_Node_1,25.69,58.57
2026-04-20 10:45:07,ESP8266_Node_1,26.53,55.73
2026-04-20 10:50:07,ESP8266_Node_1,25.16,55.8
2026-04-20 10:55:07,ESP8266_Node_1,26.25,56.79
2026-04-20 11:00:07,ESP8266_Node_1,25.91,57.07
2026-04-20 11:05:07,ESP8266_Node_1,26.41,55.06
2026-04-20 11:10:07,ESP8266_Node_1,26.43,59.12
2026-04-20 11:15:07,ESP8266_Node_1,26.3,55.29
2026-04-20 11:20:07,ESP8266_Node_1,26.98,54.83
2026-04-20 11:25:07,ESP8266_Node_1,26.04,55.0
2026-04-20 11:30:07,ESP8266_Node_1,26.99,53.66
2026-04-20 11:35:07,ESP8266_Node_1,27.16,55.71
2026-04-20 11:40:07,ESP8266_Node_1,27.0,53.55
2026-04-20 11:45:07,ESP8266_Node_1,26.52,52.66
2026-04-20 11:50:07,ESP8266_Node_1,27.06,53.49
2026-04-20 11:55:07,ESP8266_Node_1,27.49,51.9
2026-04-20 12:00:07,ESP8266_Node_1,27.47,49.69
2026-04-20 12:05:07,ESP8266_Node_1,27.67,53.79
2026-04-20 12:10:07,ESP8266_Node_1,27.21,82.93
2026-04-20 12:15:07,ESP8266_Node_1,28.7,52.19
2026-04-20 12:20:07,ESP8266_Node_1,28.84,50.16
2026-04-20 12:25:07,ESP8266_Node_1,28.32,51.76
2026-04-20 12:30:07,ESP8266_Node_1,28.72,51.46
2026-04-20 12:35:07,ESP8266_Node_1,28.07,51.22
2026-04-20 12:40:07,ESP8266_Node_1,27.52,49.63
2026-04-20 12:45:07,ESP8266_Node_1,28.01,51.76
2026-04-20 12:50:07,ESP8266_Node_1,28.58,50.85
2026-04-20 12:55:07,ESP8266_Node_1,28.07,50.31
2026-04-20 13:00:07,ESP8266_Node_1,29.42,49.04
2026-04-20 13:05:07,ESP8266_Node_1,28.94,50.41
2026-04-20 13:10:07,ESP8266_Node_1,38.31,51.7
2026-04-20 13:15:07,ESP8266_Node_1,28.9,47.51
2026-04-20 13:20:07,ESP8266_Node_1,28.3,50.49
2026-04-20 13:25:07,ESP8266_Node_1,29.33,50.55
2026-04-20 13:30:07,ESP8266_Node_1,29.58,47.96
2026-04-20 13:35:07,ESP8266_Node_1,28.38,49.61
2026-04-20 13:40:07,ESP8266_Node_1,29.56,46.3
2026-04-20 13:45:07,ESP8266_Node_1,29.4,45.21
2026-04-20 13:50:07,ESP8266_Node_1,29.88,48.67
2026-04-20 13:55:07,ESP8266_Node_1,28.57,47.68
2026-04-20 14:00:07,ESP8266_Node_1,29.93,47.78
2026-04-20 14:05:07,ESP8266_Node_1,29.36,46.42
2026-04-20 14:10:07,ESP8266_Node_1,29.46,47.83
2026-04-20 14:15:07,ESP8266_Node_1,29.9,44.77
2026-04-20 14:20:07,ESP8266_Node_1,29.26,45.33
2026-04-20 14:25:07,ESP8266_Node_1,29.42,47.7
2026-04-20 14:30:07,ESP8266_Node_1,28.38,45.63
2026-04-20 14:35:07,ESP8266_Node_1,30.56,45.26
2026-04-20 14:40:07,ESP8266_Node_1,28.99,49.1
2026-04-20 14:45:07,ESP8266_Node_1,29.29,45.75
2026-04-20 14:50:07,ESP8266_Node_1,29.5,44.75
2026-04-20 14:55:07,ESP8266_Node_1,29.01,46.31
2026-04-20 15:00:07,ESP8266_Node_1,30.43,46.79
2026-04-20 15:05:07,ESP8266_Node_1,30.59,43.65
2026-04-20 15:10:07,ESP8266_Node_1,29.43,42.89
2026-04-20 15:15:07,ESP8266_Node_1,29.54,45.54
2026-04-20 15:20:07,ESP8266_Node_1,30.13,44.23
2026-04-20 15:25:07,ESP8266_Node_1,29.94,42.23
2026-04-20 15:30:07,ESP8266_Node_1,29.5,45.22
2026-04-20 15:35:07,ESP8266_Node_1,28.75,43.57
2026-04-20 15:40:07,ESP8266_Node_1,29.8,43.83
2026-04-20 15:45:07,ESP8266_Node_1,29.76,46.72
2026-04-20 15:50:07,ESP8266_Node_1,30.19,44.89
2026-04-20 15:55:07,ESP8266_Node_1,29.57,46.61
2026-04-20 16:00:07,ESP8266_Node_1,30.64,42.65
2026-04-20 16:05:07,ESP8266_Node_1,30.32,45.44
2026-04-20 16:10:07,ESP8266_Node_1,29.39,45.52
2026-04-20 16:15:07,ESP8266_Node_1,30.1,44.59
2026-04-20 16:20:07,ESP8266_Node_1,29.82,45.68
2026-04-20 16:25:07,ESP8266_Node_1,30.03,45.16
2026-04-20 16:30:07,ESP8266_Node_1,29.71,46.05
2026-04-20 16:35:07,ESP8266_Node_1,30.37,45.51
2026-04-20 16:40:07,ESP8266_Node_1,30.14,46.15
2026-04-20 16:45:07,ESP8266_Node_1,30.18,46.22
2026-04-20 16:50:07,ESP8266_Node_1,29.37,45.5
2026-04-20 16:55:07,ESP8266_Node_1,29.33,44.96
2026-04-20 17:00:07,ESP8266_Node_1,30.1,48.67
2026-04-20 17:05:07,ESP8266_Node_1,29.63,47.27
2026-04-20 17:10:07,ESP8266_Node_1,29.77,44.23
2026-04-20 17:15:07,ESP8266_Node_1,30.21,45.67
2026-04-20 17:20:07,ESP8266_Node_1,28.38,48.02
2026-04-20 17:25:07,ESP8266_Node_1,29.8,44.76
2026-04-20 17:30:07,ESP8266_Node_1,30.06,45.77
2026-04-20 17:35:07,ESP8266_Node_1,29.99,48.54
2026-04-20 17:40:07,ESP8266_Node_1,28.99,45.15
2026-04-20 17:45:07,ESP8266_Node_1,30.13,46.66
2026-04-20 17:50:07,ESP8266_Node_1,29.63,47.29
2026-04-20 17:55:07,ESP8266_Node_1,29.32,44.81
2026-04-20 18:00:07,ESP8266_Node_1,29.32,45.21
2026-04-20 18:05:07,ESP8266_Node_1,29.7,47.31
2026-04-20 18:10:07,ESP8266_Node_1,28.88,47.39
2026-04-20 18:15:07,ESP8266_Node_1,28.96,46.38
2026-04-20 18:20:07,ESP8266_Node_1,30.13,48.14
2026-04-20 18:25:07,ESP8266_Node_1,29.41,47.46
2026-04-20 18:30:07,ESP8266_Node_1,28.65,47.98
2026-04-20 18:35:07,ESP8266_Node_1,28.69,51.46
2026-04-20 18:40:07,ESP8266_Node_1,29.27,47.78
2026-04-20 18:45:07,ESP8266_Node_1,39.51,48.32
2026-04-20 18:50:07,ESP8266_Node_1,28.73,48.05
2026-04-20 18:55:07,ESP8266_Node_1,29.31,47.52
2026-04-20 19:00:07,ESP8266_Node_1,28.16,79.27
2026-04-20 19:05:07,ESP8266_Node_1,28.77,47.45
2026-04-20 19:10:07,ESP8266_Node_1,28.52,50.13
2026-04-20 19:15:07,ESP8266_Node_1,29.88,50.61
2026-04-20 19:20:07,ESP8266_Node_1,27.89,47.72
2026-04-20 19:25:07,ESP8266_Node_1,27.48,49.86
2026-04-20 19:30:07,ESP8266_Node_1,27.01,48.46
2026-04-20 19:35:07,ESP8266_Node_1,27.72,51.78
2026-04-20 19:40:07,ESP8266_Node_1,28.17,50.62
2026-04-20 19:45:07,ESP8266_Node_1,26.86,52.38
2026-04-20 19:50:07,ESP8266_Node_1,28.44,54.56
2026-04-20 19:55:07,ESP8266_Node_1,27.72,53.19
2026-04-20 20:00:07,ESP8266_Node_1,27.47,49.69
2026-04-20 20:05:07,ESP8266_Node_1,27.09,52.58
2026-04-20 20:10:07,ESP8266_Node_1,27.46,53.36
2026-04-20 20:15:07,ESP8266_Node_1,26.91,52.23
2026-04-20 20:20:07,ESP8266_Node_1,26.9,53.42
2026-04-20 20:25:07,ESP8266_Node_1,27.29,53.23
2026-04-20 20:30:07,ESP8266_Node_1,25.95,54.69
2026-04-20 20:35:07,ESP8266_Node_1,26.52,52.88
2026-04-20 20:40:07,ESP8266_Node_1,26.49,53.01
2026-04-20 20:45:07,ESP8266_Node_1,25.44,55.32
2026-04-20 20:50:07,ESP8266_Node_1,26.2,55.46
